-- phpMyAdmin SQL Dump
-- version 4.9.0.1
-- https://www.phpmyadmin.net/
--
-- Host: 127.0.0.1
-- Generation Time: Sep 27, 2020 at 12:28 PM
-- Server version: 10.4.6-MariaDB
-- PHP Version: 7.3.9

SET SQL_MODE = "NO_AUTO_VALUE_ON_ZERO";
SET AUTOCOMMIT = 0;
START TRANSACTION;
SET time_zone = "+00:00";


/*!40101 SET @OLD_CHARACTER_SET_CLIENT=@@CHARACTER_SET_CLIENT */;
/*!40101 SET @OLD_CHARACTER_SET_RESULTS=@@CHARACTER_SET_RESULTS */;
/*!40101 SET @OLD_COLLATION_CONNECTION=@@COLLATION_CONNECTION */;
/*!40101 SET NAMES utf8mb4 */;

--
-- Database: `cdip_audit`
--

-- --------------------------------------------------------

--
-- Table structure for table `tbl_admin`
--

CREATE TABLE `tbl_admin` (
  `admin_id` int(10) UNSIGNED NOT NULL,
  `branch_code` varchar(10) COLLATE utf8mb4_unicode_ci NOT NULL DEFAULT '9999',
  `department_code` varchar(50) COLLATE utf8mb4_unicode_ci DEFAULT NULL,
  `emp_id` int(11) NOT NULL,
  `emp_type` tinyint(4) NOT NULL,
  `first_name` varchar(30) COLLATE utf8mb4_unicode_ci NOT NULL,
  `last_name` varchar(30) COLLATE utf8mb4_unicode_ci NOT NULL,
  `admin_name` varchar(50) COLLATE utf8mb4_unicode_ci NOT NULL,
  `email_address` varchar(100) COLLATE utf8mb4_unicode_ci NOT NULL,
  `cell_no` varchar(11) COLLATE utf8mb4_unicode_ci NOT NULL,
  `admin_password` varchar(191) COLLATE utf8mb4_unicode_ci NOT NULL,
  `admin_photo` varchar(100) COLLATE utf8mb4_unicode_ci NOT NULL,
  `access_label` tinyint(4) NOT NULL COMMENT 'After 100 Payroll user starts. Ratul',
  `status` tinyint(4) NOT NULL DEFAULT 1 COMMENT '1=running, 2=cancel',
  `user_type` smallint(6) NOT NULL,
  `org_code` int(11) NOT NULL DEFAULT 181,
  `created_at` timestamp NULL DEFAULT current_timestamp(),
  `updated_at` timestamp NULL DEFAULT NULL
) ENGINE=InnoDB DEFAULT CHARSET=utf8mb4 COLLATE=utf8mb4_unicode_ci;

--
-- Dumping data for table `tbl_admin`
--

INSERT INTO `tbl_admin` (`admin_id`, `branch_code`, `department_code`, `emp_id`, `emp_type`, `first_name`, `last_name`, `admin_name`, `email_address`, `cell_no`, `admin_password`, `admin_photo`, `access_label`, `status`, `user_type`, `org_code`, `created_at`, `updated_at`) VALUES
(1, '9999', NULL, 2397, 1, 'Zahidul', 'Islam', 'Polash', 'polashcdip@gmail.com', '01844006822', '25d55ad283aa400af464c76d713c07ad', '1505034887.jpg', 1, 1, 1, 181, NULL, NULL),
(2, '9999', NULL, 3304, 1, 'Deep Roy', 'Moulik', 'Deep', 'deep@cdipbd.org', '01844079372', 'c33367701511b4f6020ec61ded352059', 'deep.jpg', 1, 1, 1, 181, NULL, NULL),
(3, '9999', NULL, 3015, 1, 'Mahmuda', 'Akhter', 'Mahmuda Akhter', 'mahmuda@cdipbd.org', '01844007930', '95266545e208f746f50f320678bf9df3', 'mahmuda.jpg', 3, 1, 1, 181, NULL, NULL),
(4, '9999', NULL, 2692, 1, 'Pronab', 'Mondal', 'Pronab', 'pronab@cdipbd.org', '01844006823', 'd3b71361b07ae4adc8594ba4717de552', '2692.jpg', 1, 1, 1, 181, NULL, NULL),
(5, '9999', NULL, 2962, 1, 'Ratul', 'Hasan', 'Ratul Hasan', 'ratul@cdipbd.org', '01844007782', '3372e12cd6490d748ed114c5d11b0dae', 'ratul.jpg', 1, 1, 1, 181, NULL, NULL),
(6, '9999', NULL, 988, 1, 'Fazlul', 'Haque', 'Fazlul Haque Khan', 'fazlul@cdipbd.org', '01844006801', 'e10adc3949ba59abbe56e057f20f883e', 'khan.jpg', 18, 2, 1, 181, NULL, NULL),
(7, '9999', NULL, 2138, 1, 'Gazi Zahid', 'Ahsan', 'Gazi Jaheed', 'jaheed@cdipbd.org', '01844006804', '38a6916fed411de8931efa1a1e484d11', '1522751388.jpg', 3, 1, 1, 181, NULL, NULL),
(8, '9999', NULL, 527, 1, 'Abdur', 'Rouf', 'Abdur Rouf', 'rauf@cdipbd.org', '01844006803', '6d891c5b61fb52868af5bf1340090ddc', '1522751626.jpg', 3, 1, 1, 181, NULL, NULL),
(9, '9999', NULL, 2540, 1, 'Tazul', 'Islam', 'Tazul Islam', 'tazul@cdipbd.org', '01844006807', 'd291b7c51b549b1d363ef597227a5a34', '1522751737.jpg', 3, 1, 1, 181, NULL, NULL),
(10, '9999', NULL, 3628, 1, 'Nafis', 'Rahman', 'nafis', '3628', '01844079454', '25d55ad283aa400af464c76d713c07ad', '1537762209.jpg', 12, 1, 6, 181, NULL, NULL),
(11, '9999', NULL, 2999, 1, 'saiful', 'islam', 'saiful', 'saiful@gmail.com', '01844006824', 'fcea920f7412b5da7be0cf42b8c93759', '1544597923.jpg', 1, 1, 1, 181, NULL, NULL),
(12, '9999', NULL, 2540, 1, 'tazul', 'islam', 'dl', 'dl22@gmail.com', '01844006807', 'e10adc3949ba59abbe56e057f20f883e', 'avatar.png', 13, 2, 1, 181, NULL, NULL),
(13, '9999', NULL, 2999, 1, 'edms', 'edms', 'edms', 'edms@gmail.com', '01326', 'e10adc3949ba59abbe56e057f20f883e', 'avatar.png', 14, 1, 1, 181, NULL, NULL),
(14, '9999', NULL, 3964, 1, 'Maksuda', 'Akhter', 'Maksuda', 'maksudacdip@gmail.com', '01', 'fcea920f7412b5da7be0cf42b8c93759', 'avatar.png', 15, 1, 1, 181, NULL, NULL),
(15, '9999', NULL, 2962, 1, 'Ratul', 'Hasan', 'ratul', 'ratuljh@gmail.com', '01915170777', 'e10adc3949ba59abbe56e057f20f883e', 'public/avatars.ratul.jpg', 101, 1, 1, 181, '2019-02-10 05:00:00', NULL),
(16, '9999', NULL, 3627, 1, 'Rashedul', 'Islam', 'rashed', 'rashedcdip@gmail.com', '01', '5b2164692983a5743dfd43aed80bc163', 'avatar.png', 3, 1, 1, 181, NULL, NULL),
(17, '9999', NULL, 2556, 1, 'Sonia', 'Pervin', 'sonia', 'sonia@cdipbd.org', '01', '13ee0b8a253387fe55436d2641136faa', '1550028172.jpg', 15, 1, 1, 181, NULL, NULL),
(18, '9999', NULL, 2540, 1, 'Tazul', 'Islam', 'tazul', 'tazulcdip@gmail.com', '01313030405', 'e10adc3949ba59abbe56e057f20f883e', 'public/ratul.jpg', 110, 1, 1, 181, '2019-02-13 05:00:00', NULL),
(19, '9999', NULL, 3204, 1, 'Enamul', 'Haque', 'enam', 'enamcdip@gmail.com', '01313030421', 'e10adc3949ba59abbe56e057f20f883e', 'public/ratul.jpg', 102, 1, 1, 181, '2019-02-13 05:00:00', NULL),
(20, '9999', NULL, 1, 1, 'User', 'Name', 'user', 'user@gmail.com', '017333333', '827ccb0eea8a706c4c34a16891f84e7b', 'avatar.png', 11, 1, 1, 181, NULL, NULL),
(21, '9999', NULL, 3963, 1, 'Jannatul', 'Ferdous', 'antora@cdipbd.org', 'antora@cdipbd.org', '01', '54843973f9b6670141731bbb71a02946', '1550638383.jpg', 17, 1, 1, 181, NULL, NULL),
(22, '9999', NULL, 1054, 1, 'Nayeema', 'Khatun', 'nayeema@gamil.com', 'nayeema@gmail.com', '01', '403c90f2a9fd03a7e3c63d7f0d99e31e', '1551848342.jpg', 3, 1, 1, 181, NULL, NULL),
(23, '9999', NULL, 193, 1, 'Sayed', 'Ali', 'shaju@gmail.com', 'shaju@gmail.com', '01313030459', '691b36c8e95efb671882f0ccae7a8e1d', '1552285430.jpg', 18, 1, 1, 181, NULL, NULL),
(24, '9999', NULL, 2333, 1, 'B.N Nazmoon Amin', 'Amin', 'Nazmoon Amin', 'nazmoon@cdipbd.org', '01', '997cdd65fb3bd58247e5ad0dd7120411', '1554354848.jpg', 7, 1, 1, 181, NULL, NULL),
(25, '9999', NULL, 4118, 1, 'Roshni Daulat', 'Rahman', 'roshni@cdipbd.org', 'roshni@cdipbd.org', '01', '3c4eb77d393d63e03d4f65106b7cf570', '1555409397.jpg', 19, 1, 1, 181, NULL, NULL),
(26, '9999', NULL, 3993, 1, 'Shamima Yeasmin', 'Sumi', 'shamima@cdipbd.org', 'shamima@cdipbd.org', '01', 'e87d8cdf68a3dcc0df8735eeea19d4e4', '1555470565.JPG', 19, 1, 1, 181, NULL, NULL),
(27, '9999', NULL, 39, 1, 'A.K.M.', 'Shamsur Rahman', 'dgm_acc', '', '', 'e10adc3949ba59abbe56e057f20f883e', 'public/ratul.jpg', 102, 1, 1, 181, '2019-02-13 05:00:00', NULL),
(28, '9999', NULL, 3204, 1, 'Sharmin', 'Sultana', 'sharmin', 'sharmin@cdipbd.org', '01', 'e10adc3949ba59abbe56e057f20f883e', 'public/ratul.jpg', 102, 1, 1, 181, '2019-02-13 05:00:00', NULL),
(29, '9999', NULL, 2999, 1, 'Account', 'Account', 'Account', 'account@cdipbd.org', '01', 'e10adc3949ba59abbe56e057f20f883e', 'avatar.png', 20, 1, 1, 181, NULL, NULL),
(30, '9999', NULL, 4188, 1, 'Mifta Naim', 'Huda', 'mifta.huda@cdipbd.org', 'mifta.huda@cdipbd.org', '01313030459', '25d55ad283aa400af464c76d713c07ad', '1560658264.jpg', 1, 1, 1, 181, NULL, NULL),
(31, '9999', NULL, 2962, 1, 'Mifta', 'Nayem', 'mifta', 'pay_role_miftanh@gmail.com', '01313030459', 'e10adc3949ba59abbe56e057f20f883e', 'public/avatars.ratul.jpg', 101, 1, 1, 181, '2019-02-10 05:00:00', NULL),
(32, '9999', NULL, 3204, 1, 'Md Enamul', 'Haque', 'enamul@cdipbd.org', 'enamul@cdipbd.org', '01313030421', '29a9ad1d9f59d0633914dcb8ba9ba2ba', 'avatar.png', 21, 1, 1, 181, NULL, NULL),
(34, '1', NULL, 162, 0, 'Md.Shahidul', 'Islam', 'Area Manager', 'am.kuti01@cdipbd.org', '1111111111', 'c33367701511b4f6020ec61ded352059', 'avatar.png', 22, 2, 4, 181, NULL, NULL),
(35, '2', NULL, 10, 0, 'Narayan Chandra', 'Ghosh', 'Narayan Chandra Ghosh', 'dmnarayan@cdipbd.org', '11111111111', '4e3c08f65284d06a85eacf9682861f80', 'avatar.png', 22, 1, 3, 181, NULL, NULL),
(36, '12', NULL, 1393, 0, 'Md. Abu', 'Hanif', 'Area Manager', 'am.salimgonj02@cdipbd.org', '1111111111', 'ad3019b856147c17e82a5bead782d2a8', 'avatar.png', 22, 1, 4, 181, NULL, NULL),
(37, '2', NULL, 272, 0, 'Mohammad Shafikul', 'Islam', 'Mohammad Shafikul Islam', 'am.dharkhar25@cdipbd.org', '111111111', 'c4972b200203ff2246b3554f300b87c0', 'avatar.png', 22, 1, 4, 181, NULL, NULL),
(38, '79', NULL, 1431, 0, 'Tareq', 'Ahmed', 'Tareq Ahmed', 'am.sonargaon09@cdipbd.org', '11111111111', '2a4a319984ed228ac4b6c189c6c094aa', 'avatar.png', 22, 1, 4, 181, NULL, NULL),
(39, '14', NULL, 16, 0, 'Mohammad Khurshid', 'Alam', 'Mohammad Khurshid Alam', 'am.mohonpur05@cdipbd.org', '1111111111', 'c33367701511b4f6020ec61ded352059', 'avatar.png', 22, 2, 4, 181, NULL, NULL),
(40, '16', NULL, 101, 0, 'Md. Abu', 'Taher', 'Md. Abu Taher', 'am.moinamoti04@cdipbd.org', '111111111', '34e51b5ef0e5d19780690d0b147b3ee1', 'avatar.png', 22, 1, 4, 181, NULL, NULL),
(41, '87', NULL, 31, 0, 'Md.Nuruzzaman', 'Fakir', 'Md.Nuruzzaman Fakir', 'am.titash17@cdipbd.org', '11111111111', 'c33367701511b4f6020ec61ded352059', 'avatar.png', 22, 1, 4, 181, NULL, NULL),
(42, '20', NULL, 1724, 0, 'Md. Humayun', 'Kabir', 'Md. Humayun Kabir', 'am.hajigonj06@cdipbd.org', '11111111111', '93f2373df85647a0e449b06dc551c547', 'avatar.png', 22, 1, 4, 181, NULL, NULL),
(43, '73', NULL, 49, 0, 'Mohammed Abdus Samad', 'Samad', 'Mohammed Abdus Samad', 'am.chandpur07@cdipbd.org', '11111111111', 'c8837b23ff8aaa8a2dde915473ce0991', 'avatar.png', 22, 1, 4, 181, NULL, NULL),
(44, '48', NULL, 792, 0, 'Ranajit Chandra', 'Das', 'Ranajit Chandra Das', 'am.laxmipur15@cdipbd.org', '11111111111', '9ec10e3a8e1bea95ad6bbfe906e5b795', 'avatar.png', 22, 2, 4, 181, NULL, NULL),
(45, '63', NULL, 57, 0, 'Mohammad Nazrul Islam', 'Islam', 'Mohammad Nazrul Islam', 'am.laksham16@cdipbd.org', '11111111111', 'e10adc3949ba59abbe56e057f20f883e', 'avatar.png', 22, 2, 4, 181, NULL, NULL),
(46, '45', NULL, 958, 0, 'Md Forhad Hossain', 'Bhuiyan', 'Md Forhad Hossain Bhuiyan', 'am.feni12@cdipbd.org', '111111111', '96e79218965eb72c92a549dd5a330112', 'avatar.png', 22, 1, 4, 181, NULL, NULL),
(47, '59', NULL, 371, 0, 'Mohmmad Eshak', 'Ali', 'Mohmmad Eshak Ali', 'am.noakhali13@cdipbd.org', '11111111111', '77b3e6926e7295494dd3be91c6934899', 'avatar.png', 22, 2, 4, 181, NULL, NULL),
(48, '62', NULL, 1822, 0, 'Amalendu', 'Sharma', 'Amalendu Sharma', 'am.bajra14@cdipbd.org', '111111111', 'a2f9a2c9ef9b6bb03a22e203a3f4e26e', 'avatar.png', 22, 2, 4, 181, NULL, NULL),
(49, '81', NULL, 188, 0, 'Naityananda', 'Pal', 'Naityananda Pal', 'am.chittagong18@cdipbd.org', '11111111111', '1e0b217b75b2c783b0564b837f451173', 'avatar.png', 22, 1, 4, 181, NULL, NULL),
(50, '38', NULL, 1328, 0, 'Muhammad Sanowar', 'Hossain', 'Muhammad Sanowar Hossain', 'am.narayangonj10@cdipbd.org', '11111111111', 'e10adc3949ba59abbe56e057f20f883e', 'avatar.png', 22, 2, 4, 181, NULL, NULL),
(51, '40', NULL, 1441, 0, 'Md. Mohabbat', 'Hossain', 'Md. Mohabbat Hossain', 'am.munshigonj11@cdipbd.org', '11111111111', '96e79218965eb72c92a549dd5a330112', 'avatar.png', 22, 1, 4, 181, NULL, NULL),
(52, '142', NULL, 734, 0, 'Md. Rafikul', 'Islam', 'Md. Rafikul Islam', 'am.nawabganj26@cdipbd.org', '111111111', '16b9c737bd968df347e464f9ab523097', 'avatar.png', 22, 2, 4, 181, NULL, NULL),
(53, '139', NULL, 47, 0, 'Mostafa', 'Al Amin', 'Mostafa Al Amin', 'am.keraniganj28@cdipbd.org', '1111111111', '7d222113f5529b4b8bdb308cfd61f5d0', 'avatar.png', 22, 2, 4, 181, NULL, NULL),
(54, '55', NULL, 2360, 0, 'Md Motalib', 'Miah', 'Md Motalib Miah', 'am.nabiganj@cdipbd.org', '11111111111', '9b4ab620cd2593c1e2625b68dcbd923c', 'avatar.png', 22, 1, 4, 181, NULL, NULL),
(55, '92', NULL, 120, 0, 'Khondokar Md. Anjir', 'Hossan', 'Khondokar Md. Anjir Hossan', 'am.shahjadpur19@cdipbd.org', '11111111111', 'e10adc3949ba59abbe56e057f20f883e', 'avatar.png', 22, 1, 4, 181, NULL, NULL),
(56, '94', NULL, 189, 0, 'Md.Saiful', 'Islam', 'Md.Saiful Islam', 'am.pabna20@cdipbd.org', '11111111111', '88f028cc6f1743e8f86dc9742ae6a845', 'avatar.png', 22, 1, 4, 181, NULL, NULL),
(57, '115', NULL, 1433, 0, 'Md. Sumsul', 'Alam', 'Md. Sumsul Alam', 'am.boraigram21@cdipbd.org', '11111111111', '63a7bbd7eafbb79df7255630751fbe12', 'avatar.png', 22, 1, 4, 181, NULL, NULL),
(58, '98', NULL, 1443, 0, 'Dipak Kumar', 'Ojha', 'Dipak Kumar Ojha', 'am.natore22@cdipbd.org', '11111111111', 'c33367701511b4f6020ec61ded352059', 'avatar.png', 22, 1, 4, 181, NULL, NULL),
(59, '100', NULL, 1222, 0, 'Kh.Shafiqul', 'Islam', 'Kh.Shafiqul Islam', 'am.rajshahi23@cdipbd.org', '1111111111', 'b721c5d8fb522141970da7ede69e0b3e', 'avatar.png', 22, 1, 4, 181, NULL, NULL),
(60, '127', NULL, 3305, 0, 'Depanker', 'Ray', 'Depanker Ray', 'am.chapainawabganj24@cdipbd.org', '11111111111', 'e10adc3949ba59abbe56e057f20f883e', 'avatar.png', 22, 2, 4, 181, NULL, NULL),
(61, '9', NULL, 1034, 0, 'Swapan Kumar', 'Sarkar', 'Swapan Kumar Sarkar', 'am.gazipur03@cdipbd.org', '1111111111', 'bdb106a0560c4e46ccc488ef010af787', 'avatar.png', 22, 1, 4, 181, NULL, NULL),
(62, '26', NULL, 725, 0, 'Md. Aminul', 'Islam', 'Md. Aminul Islam', 'am.ashulia08@cdipbd.org', '11111111111', 'c33367701511b4f6020ec61ded352059', 'avatar.png', 22, 2, 4, 181, NULL, NULL),
(63, '145', NULL, 3824, 0, 'Md Nadir', 'Hossain', 'Md Nadir Hossain', 'am.charigram27@cdipbd.org', '11111111111', 'b6f941459997492da5eb01f245dec5cc', 'avatar.png', 22, 2, 4, 181, NULL, NULL),
(64, '16', NULL, 4, 0, 'Biplob Kumar', 'Ray', 'Biplob Kumar Ray', 'dmbiplob@cdipbd.org', '11111111111', '81dc9bdb52d04dc20036dbd8313ed055', 'avatar.png', 22, 2, 3, 181, NULL, NULL),
(65, '73', NULL, 146, 0, 'Md.Harun', 'Al - Rashid', 'Md.Harun - Al - Rashid', 'dmharun@cdipbd.org', '11111111111', '25d55ad283aa400af464c76d713c07ad', 'avatar.png', 22, 1, 3, 181, NULL, NULL),
(66, '45', NULL, 13, 0, 'Ashraful', 'Haque', 'Ashraful Haque', 'dmashraful@cdipbd.org', '11111111111', 'e1a89bd7648d647e89bc0c456ddbb4cf', 'avatar.png', 22, 1, 3, 181, NULL, NULL),
(67, '40', NULL, 324, 0, 'Md. Salim', 'Reza', 'Md. Salim Reza', 'dmsalimreza@cdipbd.org', '11111111111', '4d9e814a7fa0f2cad47f41abb05f1b10', 'avatar.png', 22, 1, 3, 181, NULL, NULL),
(68, '26', NULL, 208, 0, 'Md. Sarware', 'Jahan', 'Md. Sarware Jahan', 'dmsarwarejahan@cdipbd.org', '11111111111', '8f45923760facaae3c244da1877daa38', 'avatar.png', 22, 1, 3, 181, NULL, NULL),
(69, '112', NULL, 3747, 0, 'M.A.B.M Golam', 'Rabbani', 'M.A.B.M Golam Rabbani', 'dmrabbani@cdipbd.org', '11111111111', '01c27941623e4c98dd20de2572127bbe', 'avatar.png', 22, 1, 3, 181, NULL, NULL),
(70, '92', NULL, 2029, 0, 'Md. Serajur', 'Rahman', 'Md. Serajur Rahman', 'dmserajur@cdipbd.org', '11111111111', '5120277db3e23546c0733e542f50b885', 'avatar.png', 22, 1, 3, 181, NULL, NULL),
(71, '37', NULL, 0, 0, 'Abdullahpur', '', 'Abdullahpur', 'abdullapur037@cdipbd.org', '01313031037', '96e79218965eb72c92a549dd5a330112', 'avatar.png', 23, 1, 5, 181, '2019-09-23 04:55:23', NULL),
(72, '94', NULL, 0, 0, 'Ananta', '', 'Ananta', 'ananta094@cdipbd.org', '01313031094', 'c33367701511b4f6020ec61ded352059', 'avatar.png', 23, 1, 5, 181, '2019-09-23 04:55:23', NULL),
(73, '109', NULL, 0, 0, 'Aotapara (Ishwardi)', '', 'Aotapara (Ishwardi)', 'aotapara102@cdipbd.org', '01313031102', '4b41af5b444193225b43d412ac1c44fc', 'avatar.png', 23, 1, 5, 181, '2019-09-23 04:55:23', NULL),
(74, '33', NULL, 0, 0, 'Araihazar', '', 'Araihazar', 'araihazar033@cdipbd.org', '01313031033', 'e3ceb5881a0a1fdaad01296d7554868d', 'avatar.png', 23, 1, 5, 181, '2019-09-23 04:55:23', NULL),
(75, '28', NULL, 0, 0, 'Ashulia', '', 'Ashulia', 'ashulia028@cdipbd.org', '01313031028', 'be4ecf42b6fa1aa992d417469639add5', 'avatar.png', 23, 1, 5, 181, '2019-09-23 04:55:23', NULL),
(76, '124', NULL, 0, 0, 'Bagha', '', 'Bagha', 'bagha112@cdipbd.org', '01313031112', '5b1b68a9abf4d2cd155c81a9225fd158', 'avatar.png', 23, 1, 5, 181, '2019-09-23 04:55:23', NULL),
(77, '61', NULL, 0, 0, 'Bagmara', '', 'Bagmara', 'bagmara061@cdipbd.org', '01313031061', '95e2492052b9d818a14b0982487f14fc', 'avatar.png', 23, 1, 5, 181, '2019-09-23 04:55:23', NULL),
(78, '43', NULL, 0, 0, 'Bajra', '', 'Bajra', 'bajra043@cdipbd.org', '01313031043', '302a30780f9dd61f2fdd2173489f1f5b', 'avatar.png', 23, 1, 5, 181, '2019-09-23 04:55:23', NULL),
(79, '95', NULL, 0, 0, 'Baluchar', '', 'Baluchar', 'baluchar095@cdipbd.org', '01313031095', '5b1b68a9abf4d2cd155c81a9225fd158', 'avatar.png', 23, 1, 5, 181, '2019-09-23 04:55:23', NULL),
(80, '153', NULL, 0, 0, 'Bandura', '', 'Bandura', 'bandura139@cdipbd.org', '01313031139', 'c33367701511b4f6020ec61ded352059', 'avatar.png', 23, 1, 5, 181, '2019-09-23 04:55:23', NULL),
(81, '113', NULL, 0, 0, 'Banggura', '', 'Banggura', 'bhangura106@cdipbd.org', '01313031106', 'a0bac146ef3b0bea8f20093eb6d38be9', 'avatar.png', 23, 1, 5, 181, '2019-09-23 04:55:23', NULL),
(82, '67', NULL, 0, 0, 'Bangla bazar', '', 'Bangla bazar', 'banglabazar067@cdipbd.org', '01313031067', 'f379eaf3c831b04de153469d1bec345e', 'avatar.png', 23, 1, 5, 181, '2019-09-23 04:55:23', NULL),
(83, '82', NULL, 0, 0, 'Bara kumira', '', 'Bara kumira', 'barakumira082@cdipbd.org', '01313031082', 'aac3be62c341c6c3ee280f76274fda54', 'avatar.png', 23, 1, 5, 181, '2019-09-23 04:55:23', NULL),
(84, '51', NULL, 0, 0, 'Barera', '', 'Barera', 'barera051@cdipbd.org', '01313031051', '25d55ad283aa400af464c76d713c07ad', 'avatar.png', 23, 1, 5, 181, '2019-09-23 04:55:23', NULL),
(85, '81', NULL, 0, 0, 'Baroiyerhat', '', 'Baroiyerhat', 'baroiyerhat081@cdipbd.org', '01313031081', 'aa833d5895e636c209548efd2f23baf1', 'avatar.png', 23, 1, 5, 181, '2019-09-23 04:55:23', NULL),
(86, '140', NULL, 0, 0, 'Basta', '', 'Basta', 'basta127@cdipbd.org', '01313031127', '77b3e6926e7295494dd3be91c6934899', 'avatar.png', 23, 1, 5, 181, '2019-09-23 04:55:23', NULL),
(87, '35', NULL, 0, 0, 'Bhaberchar', '', 'Bhaberchar', 'bhaberchar035@cdipbd.org', '01313031035', '0818701e7441dbaf8954af3699a90a89', 'avatar.png', 23, 1, 5, 181, '2019-09-23 04:55:23', NULL),
(88, '114', NULL, 0, 0, 'Bhagatipara', '', 'Bhagatipara', 'bagatipara107@cdipbd.org', '01313031107', '2be9bd7a3434f7038ca27d1918de58bd', 'avatar.png', 23, 1, 5, 181, '2019-09-23 04:55:23', NULL),
(89, '129', NULL, 0, 0, 'Bhalahat', '', 'Bhalahat', 'bholahat117@cdipbd.org', '01313031117', '21112f2a7fb7b42d6e9c5f2ef679cacb', 'avatar.png', 23, 1, 5, 181, '2019-09-23 04:55:23', NULL),
(90, '13', NULL, 0, 0, 'Bharashar Bazar', '', 'Bharashar Bazar', 'bharasharbazar013@cdipbd.org', '01313031013', 'c33367701511b4f6020ec61ded352059', 'avatar.png', 23, 1, 5, 181, '2019-09-23 04:55:23', NULL),
(91, '101', NULL, 0, 0, 'Bharashar Bazar-2', '', 'Bharashar Bazar-2', 'bharasharbazarb2@cdipbd.org', '01313031668', 'fcea920f7412b5da7be0cf42b8c93759', 'avatar.png', 23, 1, 5, 181, '2019-09-23 04:55:23', NULL),
(92, '12', NULL, 0, 0, 'Bholachong', '', 'Bholachong', 'bholachong012@cdipbd.org', '01313031012', '82e66297b7a0a3ad0a5dacc92aeb9dd6', 'avatar.png', 23, 1, 5, 181, '2019-09-23 04:55:23', NULL),
(93, '62', NULL, 0, 0, 'Bipulashar', '', 'Bipulashar', 'bipulashar062@cdipbd.org', '01313031062', '2abba7a81a8df3321fb55c5bce6c827e', 'avatar.png', 23, 1, 5, 181, '2019-09-23 04:55:23', NULL),
(94, '4', NULL, 0, 0, 'Bitghar', '', 'Bitghar', 'bitghar004@cdipbd.org', '01313031004', '117164c17de9189b2e747a86836eaefa', 'avatar.png', 23, 1, 5, 181, '2019-09-23 04:55:23', NULL),
(95, '163', NULL, 0, 0, 'Bitghar-2', '', 'Bitghar-2', 'bitgharb2@cdipbd.org', '01313030662', '78477c6bfbaf12ffe42525ee0ba124f2', 'avatar.png', 23, 1, 5, 181, '2019-09-23 04:55:23', NULL),
(96, '26', NULL, 0, 0, 'Board Bazar', '', 'Board Bazar', 'boardbazar026@cdipbd.org', '01313031026', '43f72b98b9dc1105a19a889ab9586d4c', 'avatar.png', 23, 1, 5, 181, '2019-09-23 04:55:23', NULL),
(97, '115', NULL, 0, 0, 'Bonpara', '', 'Bonpara', 'bonpara108@cdipbd.org', '01313031108', 'f624cecb948c114f4407d46cf56fbfa7', 'avatar.png', 23, 1, 5, 181, '2019-09-23 04:55:23', NULL),
(98, '92', NULL, 0, 0, 'C & b bazar', '', 'C & b bazar', 'cbbazar092@cdipbd.org', '01313031092', '0cac29a89df97ecd17503c5639b47983', 'avatar.png', 23, 1, 5, 181, '2019-09-23 04:55:23', NULL),
(99, '74', NULL, 0, 0, 'Chagolnaiya', '', 'Chagolnaiya', 'chagolnaiya074@cdipbd.org', '01313031074', 'cba3607a88b661ff32234dcc15e15b51', 'avatar.png', 23, 1, 5, 181, '2019-09-23 04:55:23', NULL),
(100, '44', NULL, 0, 0, 'Chandragonj', '', 'Chandragonj', 'chandragonj044@cdipbd.org', '01313031044', 'b043fbbe8e189f2e99c3f1cca319c4b0', 'avatar.png', 23, 1, 5, 181, '2019-09-23 04:55:23', NULL),
(101, '127', NULL, 0, 0, 'Chapainawabganj Sadar', '', 'Chapainawabganj Sadar', 'chapainawabganj115@cdipbd.org', '01313031115', 'ac342a043e361873194b32e27533d767', 'avatar.png', 23, 1, 5, 181, '2019-09-23 04:55:23', NULL),
(102, '54', NULL, 0, 0, 'Chapapur', '', 'Chapapur', 'chapapur054@cdipbd.org', '01313031054', '65cc2c8205a05d7379fa3a6386f710e1', 'avatar.png', 23, 1, 5, 181, '2019-09-23 04:55:23', NULL),
(103, '121', NULL, 0, 0, 'Chapapur- 2', '', 'Chapapur- 2', 'chapapurb2@cdipbd.org', '01313030601', '6be93f7a96fed60c477d30ae1de032fd', 'avatar.png', 23, 1, 5, 181, '2019-09-23 04:55:23', NULL),
(104, '3', NULL, 0, 0, 'Chargas', '', 'Chargas', 'chargas003@cdipbd.org', '01313031003', '1a100d2c0dab19c4430e7d73762b3423', 'avatar.png', 23, 1, 5, 181, '2019-09-23 04:55:23', NULL),
(105, '133', NULL, 0, 0, 'Chargas-2', '', 'Chargas-2', 'chargasb2@cdipbd.org', '01313031476', 'e3ceb5881a0a1fdaad01296d7554868d', 'avatar.png', 23, 1, 5, 181, '2019-09-23 04:55:23', NULL),
(106, '145', NULL, 0, 0, 'Charigram', '', 'Charigram', 'charigram132@cdipbd.org', '01313031132', 'c33367701511b4f6020ec61ded352059', 'avatar.png', 23, 1, 5, 181, '2019-09-23 04:55:23', NULL),
(107, '70', NULL, 0, 0, 'Chatkhil', '', 'Chatkhil', 'chatkhil070@cdipbd.org', '01313031070', '366d71611e385502119d7d8120e8af85', 'avatar.png', 23, 1, 5, 181, '2019-09-23 04:55:23', NULL),
(108, '83', NULL, 0, 0, 'Colonehat', '', 'Colonehat', 'colonehat083@cdipbd.org', '01313031083', '4f1f29888cabf5d45f866fe457737a23', 'avatar.png', 23, 1, 5, 181, '2019-09-23 04:55:23', NULL),
(109, '45', NULL, 0, 0, 'Dagonbhuiya', '', 'Dagonbhuiya', 'dagonbhuiya045@cdipbd.org', '01313031045', '27f64b604e6f4509d21e362610240950', 'avatar.png', 23, 1, 5, 181, '2019-09-23 04:55:23', NULL),
(110, '60', NULL, 0, 0, 'Dasherhat', '', 'Dasherhat', 'dasherhat060@cdipbd.org', '01313031060', 'f379eaf3c831b04de153469d1bec345e', 'avatar.png', 23, 1, 5, 181, '2019-09-23 04:55:23', NULL),
(111, '96', NULL, 0, 0, 'Debottor', '', 'Debottor', 'debottor096@cdipbd.org', '01313031096', 'da080780d38b42f9c1f1764e3d22fec0', 'avatar.png', 23, 1, 5, 181, '2019-09-23 04:55:23', NULL),
(112, '2', NULL, 0, 0, 'Dharkhar', '', 'Dharkhar', 'dharkhar002@cdipbd.org', '01313031002', '149787a6b7986f31b3dcc0e4e857cd2a', 'avatar.png', 23, 1, 5, 181, '2019-09-23 04:55:23', NULL),
(113, '50', NULL, 0, 0, 'Faridgonj', '', 'Faridgonj', 'faridgonj050@cdipbd.org', '01313031050', '3354045a397621cd92406f1f98cde292', 'avatar.png', 23, 1, 5, 181, '2019-09-23 04:55:23', NULL),
(114, '142', NULL, 0, 0, 'Galimpur', '', 'Galimpur', 'galimpur129@cdipbd.org', '01313031129', 'b22571995f31bcdfdaad0745173e8016', 'avatar.png', 23, 1, 5, 181, '2019-09-23 04:55:23', NULL),
(115, '79', NULL, 0, 0, 'Gawsia', '', 'Gawsia', 'gawsia079@cdipbd.org', '01313031079', 'b631b11265758ab70d94530d289aaa14', 'avatar.png', 23, 1, 5, 181, '2019-09-23 04:55:23', NULL),
(116, '23', NULL, 0, 0, 'Gazipur Sadar', '', 'Gazipur Sadar', 'gazipur023@cdipbd.org', '01313031023', '96e79218965eb72c92a549dd5a330112', 'avatar.png', 23, 1, 5, 181, '2019-09-23 04:55:23', NULL),
(117, '126', NULL, 0, 0, 'Godagari', '', 'Godagari', 'godagari114@cdipbd.org', '01313031114', '6a9d2ed257047685c94f099e245a9b58', 'avatar.png', 23, 1, 5, 181, '2019-09-23 04:55:23', NULL),
(118, '150', NULL, 0, 0, 'Gopaldi', '', 'Gopaldi', 'gopaldi131@cdipbd.org', '01313031131', '1d2e5c50f5082f47d66f83c58ca6003e', 'avatar.png', 23, 1, 5, 181, '2019-09-23 04:55:23', NULL),
(119, '135', NULL, 0, 0, 'Gopinathpur', '', 'Gopinathpur', 'gopinathpur122@cdipbd.org', '01313031122', 'ac974aae9b4b70380569fcb7733cd6bb', 'avatar.png', 23, 1, 5, 181, '2019-09-23 04:55:23', NULL),
(120, '138', NULL, 0, 0, 'Goshaipur', '', 'Goshaipur', 'goshaipur125@cdipbd.org', '01313031125', '6c44e5cd17f0019c64b042e4a745412a', 'avatar.png', 23, 1, 5, 181, '2019-09-23 04:55:23', NULL),
(121, '116', NULL, 0, 0, 'Gurudaspur', '', 'Gurudaspur', 'gurudaspur109@cdipbd.org', '01313031109', '9b69d7926d64ae03238162f6fb0d11ca', 'avatar.png', 23, 1, 5, 181, '2019-09-23 04:55:23', NULL),
(122, '47', NULL, 0, 0, 'Haidergonj', '', 'Haidergonj', 'haidergonj047@cdipbd.org', '01313031047', '18e63da2e41e44646d4db75474bdf930', 'avatar.png', 23, 1, 5, 181, '2019-09-23 04:55:23', NULL),
(123, '18', NULL, 0, 0, 'Hajigonj', '', 'Hajigonj', 'hajigonj018@cdipbd.org', '01313031018', '154e80c9f01ed26fd40a88bf24486d43', 'avatar.png', 23, 1, 5, 181, '2019-09-23 04:55:23', NULL),
(124, '98', NULL, 0, 0, 'Harishpur', '', 'Harishpur', 'harishpur098@cdipbd.org', '01313031098', '796ccaadd5bd18f71075e836f83d74ce', 'avatar.png', 23, 1, 5, 181, '2019-09-23 04:55:23', NULL),
(125, '146', NULL, 0, 0, 'Hemayetpur', '', 'Hemayetpur', 'hemayetpur133@cdipbd.org', '01313031133', '10231faeb8b18fcd28056404e4cec18a', 'avatar.png', 23, 1, 5, 181, '2019-09-23 04:55:23', NULL),
(126, '141', NULL, 0, 0, 'Hijoltala', '', 'Hijoltala', 'hijoltala128@cdipbd.org', '01313031128', '3db4ba1a5fe303ef1c2c5e2d7e51f593', 'avatar.png', 23, 1, 5, 181, '2019-09-23 04:55:23', NULL),
(127, '5', NULL, 0, 0, 'Hyderabad', '', 'Hyderabad', 'hyderabad005@cdipbd.org', '01313031005', '992e63080ee1e47b99f42b8d64ede953', 'avatar.png', 23, 1, 5, 181, '2019-09-23 04:55:23', NULL),
(128, '77', NULL, 0, 0, 'Islampur', '', 'Islampur', 'islampur077@cdipbd.org', '01313031077', 'd07db5ec15ce98290e54763783f9da1c', 'avatar.png', 23, 1, 5, 181, '2019-09-23 04:55:23', NULL),
(129, '15', NULL, 0, 0, 'Joina', '', 'Joina', 'joina015@cdipbd.org', '01313031015', 'cb65d34cd6de039f991bcb3e44d8de4c', 'avatar.png', 23, 1, 5, 181, '2019-09-23 04:55:23', NULL),
(130, '143', NULL, 0, 0, 'Joypara', '', 'Joypara', 'joypara130@cdipbd.org', '01313031130', '09427690000d24ecd4488fc010493a43', 'avatar.png', 23, 1, 5, 181, '2019-09-23 04:55:23', NULL),
(131, '80', NULL, 0, 0, 'Juranpur', '', 'Juranpur', 'juranpur080@cdipbd.org', '01313031080', '8dd9a48f079dd47e601dbacdf4d6989c', 'avatar.png', 23, 1, 5, 181, '2019-09-23 04:55:23', NULL),
(132, '78', NULL, 0, 0, 'Kaldaha/lemua', '', 'Kaldaha/lemua', 'lemua078@cdipbd.org', '01313031078', 'fcea920f7412b5da7be0cf42b8c93759', 'avatar.png', 23, 1, 5, 181, '2019-09-23 04:55:23', NULL),
(133, '72', NULL, 0, 0, 'Kamalla', '', 'Kamalla', 'kamalla072@cdipbd.org', '01313031072', '25d55ad283aa400af464c76d713c07ad', 'avatar.png', 23, 1, 5, 181, '2019-09-23 04:55:23', NULL),
(134, '68', NULL, 0, 0, 'Kankirhat', '', 'Kankirhat', 'kankirhat068@cdipbd.org', '01313031068', '7fa44d8e1730c5f41deb0edaa36e1406', 'avatar.png', 23, 1, 5, 181, '2019-09-23 04:55:23', NULL),
(135, '29', NULL, 0, 0, 'Kashimpur', '', 'Kashimpur', 'kashimpur029@cdipbd.org', '01313031029', '09a146c8d1cfdbdb54ceb60ede93cdab', 'avatar.png', 23, 1, 5, 181, '2019-09-23 04:55:23', NULL),
(136, '91', NULL, 0, 0, 'Kashinathpur', '', 'Kashinathpur', 'kashinathpur091@cdipbd.org', '01313031091', '96e79218965eb72c92a549dd5a330112', 'avatar.png', 23, 1, 5, 181, '2019-09-23 04:55:23', NULL),
(137, '100', NULL, 0, 0, 'Katakhali', '', 'Katakhali', 'katakhali100@cdipbd.org', '01313031100', '96e79218965eb72c92a549dd5a330112', 'avatar.png', 23, 1, 5, 181, '2019-09-23 04:55:23', NULL),
(138, '42', NULL, 0, 0, 'Khalipharhat', '', 'Khalipharhat', 'khalipharhat042@cdipbd.org', '01313031042', 'bfea75acbcca4b91e322f316e78774c8', 'avatar.png', 23, 1, 5, 181, '2019-09-23 04:55:23', NULL),
(139, '65', NULL, 0, 0, 'Khilabazar', '', 'Khilabazar', 'khilabazar065@cdipbd.org', '01313031065', '3147da8ab4a0437c15ef51a5cc7f2dc4', 'avatar.png', 23, 1, 5, 181, '2019-09-23 04:55:23', NULL),
(140, '151', NULL, 0, 0, 'Kolatia', '', 'Kolatia', 'kolatia137@cdipbd.org', '01313031137', 'c33367701511b4f6020ec61ded352059', 'avatar.png', 23, 1, 5, 181, '2019-09-23 04:55:23', NULL),
(141, '1', NULL, 0, 0, 'Kuti', '', 'Kuti', 'kuti001@cdipbd.org', '01313031001', 'fcea920f7412b5da7be0cf42b8c93759', 'avatar.png', 23, 1, 5, 181, '2019-09-23 04:55:23', NULL),
(142, '105', NULL, 0, 0, 'Kuti-2', '', 'Kuti-2', 'kutib2@cdipbd.org', '01313031471', 'fcea920f7412b5da7be0cf42b8c93759', 'avatar.png', 23, 1, 5, 181, '2019-09-23 04:55:23', NULL),
(143, '63', NULL, 0, 0, 'Laksham', '', 'Laksham', 'laksham063@cdipbd.org', '01313031063', 'b6f05ed7df6159d0a35d26ef0181ea42', 'avatar.png', 23, 1, 5, 181, '2019-09-23 04:55:23', NULL),
(144, '144', NULL, 0, 0, 'Laksham-2', '', 'Laksham-2', 'lakshamb2@cdipbd.org', '01313030612', '25d55ad283aa400af464c76d713c07ad', 'avatar.png', 23, 1, 5, 181, '2019-09-23 04:55:23', NULL),
(145, '132', NULL, 0, 0, 'Lalpur (Gopalpur)', '', 'Lalpur (Gopalpur)', 'gopalpur120@cdipbd.org', '01313031120', '96e79218965eb72c92a549dd5a330112', 'avatar.png', 23, 1, 5, 181, '2019-09-23 04:55:23', NULL),
(146, '137', NULL, 0, 0, 'Lalpur Bazar', '', 'Lalpur Bazar', 'lalpur124@cdipbd.org', '01313031124', 'ae9a18cb5fe761fddd8d342e32c284d6', 'avatar.png', 23, 1, 5, 181, '2019-09-23 04:55:23', NULL),
(147, '48', NULL, 0, 0, 'Laxmipur', '', 'Laxmipur', 'laxmipur048@cdipbd.org', '01313031048', 'cbc4ad3f4997b6f7463594e682b6d1b0', 'avatar.png', 23, 1, 5, 181, '2019-09-23 04:55:23', NULL),
(148, '52', NULL, 0, 0, 'Madhaiya', '', 'Madhaiya', 'madhaiya052@cdipbd.org', '01313031052', '6ba615659141637dd7eb189167d44486', 'avatar.png', 23, 1, 5, 181, '2019-09-23 04:55:23', NULL),
(149, '53', NULL, 0, 0, 'Mahamaya', '', 'Mahamaya', 'mahamaya053@cdipbd.org', '01313031053', 'aee2b7b9bb7dabec7b186e49b31324ed', 'avatar.png', 23, 1, 5, 181, '2019-09-23 04:55:23', NULL),
(150, '59', NULL, 0, 0, 'Maizdi', '', 'Maizdi', 'maizdi059@cdipbd.org', '01313031059', '0030f2d6d9c1e2ab23019d49f7d77959', 'avatar.png', 23, 1, 5, 181, '2019-09-23 04:55:23', NULL),
(151, '58', NULL, 0, 0, 'Mandari', '', 'Mandari', 'mandari058@cdipbd.org', '01313031058', 'c33367701511b4f6020ec61ded352059', 'avatar.png', 23, 1, 5, 181, '2019-09-23 04:55:23', NULL),
(152, '9', NULL, 0, 0, 'Maona', '', 'Maona', 'maona009@cdipbd.org', '01313031663', '91d5181d621bd9838b00655d29f0577d', 'avatar.png', 23, 1, 5, 181, '2019-09-23 04:55:23', NULL),
(153, '119', NULL, 0, 0, 'Maona-2', '', 'Maona-2', 'maonab2@cdipbd.org', '01313031663', 'aceb625ebf0664c0fb88971a9650fd21', 'avatar.png', 23, 1, 5, 181, '2019-09-23 04:55:23', NULL),
(154, '89', NULL, 0, 0, 'Mathabhanga', '', 'Mathabhanga', 'mathabhanga089@cdipbd.org', '01313031089', 'fcea920f7412b5da7be0cf42b8c93759', 'avatar.png', 23, 1, 5, 181, '2019-09-23 04:55:23', NULL),
(155, '86', NULL, 0, 0, 'Meghna', '', 'Meghna', 'meghna086@cdipbd.org', '01313031086', '1f4c10337f8cd507b1addba44977c5ed', 'avatar.png', 23, 1, 5, 181, '2019-09-23 04:55:23', NULL),
(156, '71', NULL, 0, 0, 'Miar Bazar', '', 'Miar Bazar', 'miarbazar071@cdipbd.org', '01313031071', 'ff6ec71114088ad183d938cea2f16d7d', 'avatar.png', 23, 1, 5, 181, '2019-09-23 04:55:23', NULL),
(157, '85', NULL, 0, 0, 'Mirsharai', '', 'Mirsharai', 'mirsharai085@cdipbd.org', '01313031085', 'b990165c4884b17d94d710c839e956c2', 'avatar.png', 23, 1, 5, 181, '2019-09-23 04:55:23', NULL),
(158, '34', NULL, 0, 0, 'Modongonj', '', 'Modongonj', 'modongonj034@cdipbd.org', '01313031034', 'b3f9f57ad920a18a2a9e8cdb5047a8d0', 'avatar.png', 23, 1, 5, 181, '2019-09-23 04:55:23', NULL),
(159, '106', NULL, 0, 0, 'Modongonj-2', '', 'Modongonj-2', 'modongonjb2@cdipbd.org', '01313030584', '015ca274096c8199ce0fce1a1b33d02d', 'avatar.png', 23, 1, 5, 181, '2019-09-23 04:55:23', NULL),
(160, '32', NULL, 0, 0, 'Modonpur', '', 'Modonpur', 'modonpur032@cdipbd.org', '01313031032', '33bce0dfd9b6168269d20c46dcafa39d', 'avatar.png', 23, 1, 5, 181, '2019-09-23 04:55:23', NULL),
(161, '120', NULL, 0, 0, 'Modonpur- 2', '', 'Modonpur- 2', 'modonpurb2@cdipbd.org', '01313032394', 'b8c27b7a1c450ffdacb31483454e0b54', 'avatar.png', 23, 1, 5, 181, '2019-09-23 04:55:23', NULL),
(162, '14', NULL, 0, 0, 'Mohonpur (Comilla)', '', 'Mohonpur (Comilla)', 'mohonpur014@cdipbd.org', '01313031014', '5775f3eaccbaa66732e805cb621bbf3d', 'avatar.png', 23, 1, 5, 181, '2019-09-23 04:55:23', NULL),
(163, '125', NULL, 0, 0, 'Mohonpur (Rajshahi)', '', 'Mohonpur (Rajshahi)', 'mohonpurraj113@cdipbd.org', '01313031113', 'a91af177d3016ca20e5fc949836a894a', 'avatar.png', 23, 1, 5, 181, '2019-09-23 04:55:23', NULL),
(164, '16', NULL, 0, 0, 'Moinamoti', '', 'Moinamoti', 'moinamoti016@cdipbd.org', '01313031016', 'ab53abd66f9dd670a1abab959763d80a', 'avatar.png', 23, 1, 5, 181, '2019-09-23 04:55:23', NULL),
(165, '102', NULL, 0, 0, 'Moinamoti-2', '', 'Moinamoti-2', 'moinamotib2@cdipbd.org', '01313032387', 'c33367701511b4f6020ec61ded352059', 'avatar.png', 23, 1, 5, 181, '2019-09-23 04:55:23', NULL),
(167, '38', NULL, 0, 0, 'Munshigonj', '', 'Munshigonj', 'munshigonj038@cdipbd.org', '01313031038', 'c33367701511b4f6020ec61ded352059', 'avatar.png', 23, 1, 5, 181, '2019-09-23 04:55:23', NULL),
(168, '103', NULL, 0, 0, 'Munshigonj-2', '', 'Munshigonj-2', 'munshigonjb2@cdipbd.org', '01313030590', '69d9cde043c46d638a6943a72cb39066', 'avatar.png', 23, 1, 5, 181, '2019-09-23 04:55:23', NULL),
(169, '55', NULL, 0, 0, 'Nabigonj', '', 'Nabigonj', 'nabigonj055@cdipbd.org', '01313031055', '3a6190670b423a086394519bcded7c16', 'avatar.png', 23, 1, 5, 181, '2019-09-23 04:55:23', NULL),
(170, '104', NULL, 0, 0, 'Nabigonj-2', '', 'Nabigonj-2', 'nabigonjb2@cdipbd.org', '01313030605', '1a100d2c0dab19c4430e7d73762b3423', 'avatar.png', 23, 1, 5, 181, '2019-09-23 04:55:23', NULL),
(171, '64', NULL, 0, 0, 'Nangolkot', '', 'Nangolkot', 'nangolkot064@cdipbd.org', '01313031064', 'b9974a7b5099aca40bbff5ebef63855c', 'avatar.png', 23, 1, 5, 181, '2019-09-23 04:55:23', NULL),
(172, '56', NULL, 0, 0, 'Naopara', '', 'Naopara', 'naopara056@cdipbd.org', '01313031056', 'f2917770b90deee995b5e89ea27fd616', 'avatar.png', 23, 1, 5, 181, '2019-09-23 04:55:23', NULL),
(173, '134', NULL, 0, 0, 'Nayanpur', '', 'Nayanpur', 'nayanpur121@cdipbd.org', '01313031121', 'dc3740c6c3ade180abc25a5045697fc7', 'avatar.png', 23, 1, 5, 181, '2019-09-23 04:55:23', NULL),
(174, '30', NULL, 0, 0, 'Nayarhat', '', 'Nayarhat', 'nayarhat030@cdipbd.org', '01313031030', '091de62721497bed8a45221027e18a9c', 'avatar.png', 23, 1, 5, 181, '2019-09-23 04:55:23', NULL),
(175, '17', NULL, 0, 0, 'Nimshar', '', 'Nimshar', 'nimshar017@cdipbd.org', '01313031017', '0b28fc2ab669e018108ec3e8d421bd7d', 'avatar.png', 23, 1, 5, 181, '2019-09-23 04:55:23', NULL),
(176, '57', NULL, 0, 0, 'Nodona', '', 'Nodona', 'nodona057@cdipbd.org', '01313031057', '52c69e3a57331081823331c4e69d3f2e', 'avatar.png', 23, 1, 5, 181, '2019-09-23 04:55:23', NULL),
(177, '110', NULL, 0, 0, 'Naldanga', '', 'Naldanga', 'naldanga103@cdipbd.org', '01313031103', 'ff7887b27092b3630533ed76d88a7f57', 'avatar.png', 23, 1, 5, 181, '2019-09-23 04:55:23', NULL),
(178, '112', NULL, 0, 0, 'Paba', '', 'Paba', 'paba105@cdipbd.org', '01313031105', '6d81d21710155b8b7a2e48fc755bbec8', 'avatar.png', 23, 1, 5, 181, '2019-09-23 04:55:23', NULL),
(179, '152', NULL, 0, 0, 'Paragram', '', 'Paragram', 'paragram138@cdipbd.org', '01313031138', 'c33367701511b4f6020ec61ded352059', 'avatar.png', 23, 1, 5, 181, '2019-09-23 04:55:23', NULL),
(180, '24', NULL, 0, 0, 'Porabari', '', 'Porabari', 'porabari024@cdipbd.org', '01313031024', '1baff70e2669e8376347efd3a874a341', 'avatar.png', 23, 1, 5, 181, '2019-09-23 04:55:23', NULL),
(181, '27', NULL, 0, 0, 'Pubail', '', 'Pubail', 'pubail027@cdipbd.org', '01313031027', 'eb32c7ff875c1ec1d2625a2dadb5ff7f', 'avatar.png', 23, 1, 5, 181, '2019-09-23 04:55:23', NULL),
(182, '99', NULL, 0, 0, 'Puthia', '', 'Puthia', 'putia099@cdipbd.org', '01313031099', '987c02802a32e1b76db555162b599928', 'avatar.png', 23, 1, 5, 181, '2019-09-23 04:55:23', NULL),
(183, '19', NULL, 0, 0, 'Rahimanagar', '', 'Rahimanagar', 'rahimanagar019@cdipbd.org', '01313031019', '96e79218965eb72c92a549dd5a330112', 'avatar.png', 23, 1, 5, 181, '2019-09-23 04:55:23', NULL),
(184, '46', NULL, 0, 0, 'Raipur (Laxmipur)', '', 'Raipur (Laxmipur)', 'raipurl046@cdipbd.org', '01313031046', 'fb73c0fe4aa4777c3ae91cf1017e0be1', 'avatar.png', 23, 1, 5, 181, '2019-09-23 04:55:23', NULL),
(185, '84', NULL, 0, 0, 'Raipur/ Gauripur', '', 'Raipur/ Gauripur', 'raipurg084@cdipbd.org', '01313031084', '4ac33bb41936353c3c1fe3db3851e8e2', 'avatar.png', 23, 1, 5, 181, '2019-09-23 04:55:23', NULL),
(186, '97', NULL, 0, 0, 'Rajapur', '', 'Rajapur', 'rajapur097@cdipbd.org', '01313031097', 'e2ef524fbf3d9fe611d5a8e90fefdc9c', 'avatar.png', 23, 1, 5, 181, '2019-09-23 04:55:23', NULL),
(187, '49', NULL, 0, 0, 'Ramgonj', '', 'Ramgonj', 'ramgonj049@cdipbd.org', '01313031049', '93d234a70ef3d1d8783f61e992ee9fd8', 'avatar.png', 23, 1, 5, 181, '2019-09-23 04:55:23', NULL),
(188, '22', NULL, 0, 0, 'Rampur', '', 'Rampur', 'rampur022@cdipbd.org', '01313031022', '51f89f85e83ff68fd07c1ba84da7c613', 'avatar.png', 23, 1, 5, 181, '2019-09-23 04:55:23', NULL),
(189, '155', NULL, 0, 0, 'Ratanpur', '', 'Ratanpur', 'ratanpur141@cdipbd.org', '01313031141', 'b283c55392f44896aef0f0ed29eeb1b6', 'avatar.png', 23, 1, 5, 181, '2019-09-23 04:55:23', NULL),
(190, '25', NULL, 0, 0, 'Razabari', '', 'Razabari', 'rajabari025@cdipbd.org', '01313031025', '81dc9bdb52d04dc20036dbd8313ed055', 'avatar.png', 23, 1, 5, 181, '2019-09-23 04:55:23', NULL),
(191, '139', NULL, 0, 0, 'Ruhitpur', '', 'Ruhitpur', 'ruhitpur126@cdipbd.org', '01313031126', 'd0970714757783e6cf17b26fb8e2298f', 'avatar.png', 23, 1, 5, 181, '2019-09-23 04:55:23', NULL),
(192, '8', NULL, 0, 0, 'Ruposhdi', '', 'Ruposhdi', 'ruposhdi008@cdipbd.org', '01313031008', '21218cca77804d2ba1922c33e0151105', 'avatar.png', 23, 1, 5, 181, '2019-09-23 04:55:23', NULL),
(193, '88', NULL, 0, 0, 'Sachar', '', 'Sachar', 'sachar088@cdipbd.org', '01313031088', 'c33367701511b4f6020ec61ded352059', 'avatar.png', 23, 1, 5, 181, '2019-09-23 04:55:23', NULL),
(194, '136', NULL, 0, 0, 'Salimabad', '', 'Salimabad', 'salimabad123@cdipbd.org', '01313031123', 'b68ae05559ba0009622e07e4b88b86b9', 'avatar.png', 23, 1, 5, 181, '2019-09-23 04:55:23', NULL),
(195, '7', NULL, 0, 0, 'Salimgonj', '', 'Salimgonj', 'salimgonj007@cdipbd.org', '01313031007', 'd1b2d22f1373bd01fba7ae8c2472a249', 'avatar.png', 23, 1, 5, 181, '2019-09-23 04:55:23', NULL),
(196, '107', NULL, 0, 0, 'Salimgonj-2', '', 'Salimgonj-2', 'salimgonjb2@cdipbd.org', '01313032381', 'f57c3f5680405d6ff61e95a2d6e9dfc1', 'avatar.png', 23, 1, 5, 181, '2019-09-23 04:55:23', NULL),
(197, '93', NULL, 0, 0, 'Sathia', '', 'Sathia', 'sathia093@cdipbd.org', '01313031093', 'dae4dcc2f6658f8b8c230c97b18d1c91', 'avatar.png', 23, 1, 5, 181, '2019-09-23 04:55:23', NULL),
(198, '11', NULL, 0, 0, 'Shahebabad', '', 'Shahebabad', 'shahebabad011@cdipbd.org', '01313031011', '1a100d2c0dab19c4430e7d73762b3423', 'avatar.png', 23, 1, 5, 181, '2019-09-23 04:55:23', NULL),
(199, '131', NULL, 0, 0, 'Shahjadpur', '', 'Shahjadpur', 'shahjadpur119@cdipbd.org', '01313031119', '6d2fa3a233046997c8bafa59545a8a97', 'avatar.png', 23, 1, 5, 181, '2019-09-23 04:55:23', NULL),
(200, '20', NULL, 0, 0, 'Shahrasti', '', 'Shahrasti', 'shahrasti020@cdipbd.org', '01313031020', '25d55ad283aa400af464c76d713c07ad', 'avatar.png', 23, 1, 5, 181, '2019-09-23 04:55:23', NULL),
(201, '128', NULL, 0, 0, 'Shibganj', '', 'Shibganj', 'shibganj116@cdipbd.org', '01313031116', '9fbcb663739ddf6336bfaaffd579fa8b', 'avatar.png', 23, 1, 5, 181, '2019-09-23 04:55:23', NULL),
(202, '149', NULL, 0, 0, 'Shikaripara', '', 'Shikaripara', 'shikaripara136@cdipbd.org', '01313031136', '2a4510bda1d5e68c4dabb96a7ef2d1cc', 'avatar.png', 23, 1, 5, 181, '2019-09-23 04:55:23', NULL),
(203, '154', NULL, 0, 0, 'Sholla', '', 'Sholla', 'sholla140@cdipbd.org', '01313031140', 'c7d8ec4aa6b3618358619bdec42c7bc7', 'avatar.png', 23, 1, 5, 181, '2019-09-23 04:55:23', NULL),
(204, '108', NULL, 0, 0, 'Shujanagar', '', 'Shujanagar', 'sujanagar101@cdipbd.org', '01313031101', 'f58daf1848022f8e1ce9e63ba0bd6ad2', 'avatar.png', 23, 1, 5, 181, '2019-09-23 04:55:23', NULL),
(205, '76', NULL, 0, 0, 'Siddirgonj', '', 'Siddirgonj', 'siddirgonj076@cdipbd.org', '01313031076', 'eeb0480670b5b6ba1449a178962680db', 'avatar.png', 23, 1, 5, 181, '2019-09-23 04:55:23', NULL),
(206, '118', NULL, 0, 0, 'Siddirgonj-2', '', 'Siddirgonj-2', 'siddirgonjb2@cdipbd.org', '01313030615', '25d55ad283aa400af464c76d713c07ad', 'avatar.png', 23, 1, 5, 181, '2019-09-23 04:55:23', NULL),
(207, '117', NULL, 0, 0, 'Singra', '', 'Singra', 'singra110@cdipbd.org', '01313031110', '96e79218965eb72c92a549dd5a330112', 'avatar.png', 23, 1, 5, 181, '2019-09-23 04:55:23', NULL),
(208, '40', NULL, 0, 0, 'Sirajdikhan', '', 'Sirajdikhan', 'sirajdikhan040@cdipbd.org', '01313031040', 'fcea920f7412b5da7be0cf42b8c93759', 'avatar.png', 23, 1, 5, 181, '2019-09-23 04:55:23', NULL),
(209, '90', NULL, 0, 0, 'Sitakunda', '', 'Sitakunda', 'sitakunda090@cdipbd.org', '01313031090', '4ce48dd4ec5d5aa484f28efcd77b0fe0', 'avatar.png', 23, 1, 5, 181, '2019-09-23 04:55:23', NULL),
(210, '69', NULL, 0, 0, 'Sonapur', '', 'Sonapur', 'sonapur069@cdipbd.org', '01313031069', '4dbf50e2e5f7eee6a980b7d3e106bc05', 'avatar.png', 23, 1, 5, 181, '2019-09-23 04:55:23', NULL),
(211, '31', NULL, 0, 0, 'Sonargaon', '', 'Sonargaon', 'sonargaon031@cdipbd.org', '01313031031', '2cc152906e4e2edce585024dcd9678da', 'avatar.png', 23, 1, 5, 181, '2019-09-23 04:55:23', NULL),
(212, '10', NULL, 0, 0, 'South Bangura', '', 'South Bangura', 'southbangura010@cdipbd.org', '01313031010', 'a57301f9f603be2bfb9cbbc24082165f', 'avatar.png', 23, 1, 5, 181, '2019-09-23 04:55:23', NULL),
(213, '6', NULL, 0, 0, 'Srikail', '', 'Srikail', 'srikail006@cdipbd.org', '01313031006', '0d8fc237f698e39c8294fe03b677bc65', 'avatar.png', 23, 1, 5, 181, '2019-09-23 04:55:23', NULL),
(214, '39', NULL, 0, 0, 'Srinagar', '', 'Srinagar', 'srinagar039@cdipbd.org', '01313031039', 'dbdb5c6d8287990cf80bf99e4049d35d', 'avatar.png', 23, 1, 5, 181, '2019-09-23 04:55:23', NULL),
(215, '111', NULL, 0, 0, 'Taherpur', '', 'Taherpur', 'taherpur104@cdipbd.org', '01313031104', '96e79218965eb72c92a549dd5a330112', 'avatar.png', 23, 1, 5, 181, '2019-09-23 04:55:23', NULL),
(216, '123', NULL, 0, 0, 'Tanore', '', 'Tanore', 'tanore111@cdipbd.org', '01313031111', 'd54d1702ad0f8326224b817c796763c9', 'avatar.png', 23, 1, 5, 181, '2019-09-23 04:55:23', NULL),
(217, '87', NULL, 0, 0, 'Titash', '', 'Titash', 'titash087@cdipbd.org', '01313031087', 'c33367701511b4f6020ec61ded352059', 'avatar.png', 23, 1, 5, 181, '2019-09-23 04:55:23', NULL),
(218, '36', NULL, 0, 0, 'Tongibari', '', 'Tongibari', 'tongibari036@cdipbd.org', '01313031036', 'e10adc3949ba59abbe56e057f20f883e', 'avatar.png', 23, 1, 5, 181, '2019-09-23 04:55:23', NULL),
(219, '73', NULL, 0, 0, 'Torpurchandi', '', 'Torpurchandi', 'torpurchandi073@cdipbd.org', '01313031073', '871c14878fa75bc327ba87d2d284d596', 'avatar.png', 23, 1, 5, 181, '2019-09-23 04:55:23', NULL),
(220, '130', NULL, 0, 0, 'Ullapara', '', 'Ullapara', 'ullapara118@cdipbd.org', '01313031118', 'f379eaf3c831b04de153469d1bec345e', 'avatar.png', 23, 1, 5, 181, '2019-09-23 04:55:23', NULL),
(221, '21', NULL, 0, 0, 'Waruk', '', 'Waruk', 'waruk021@cdipbd.org', '01313031021', '1a100d2c0dab19c4430e7d73762b3423', 'avatar.png', 23, 1, 5, 181, '2019-09-23 04:55:23', NULL),
(222, '41', NULL, 0, 0, 'Zamidarhat', '', 'Zamidarhat', 'zamidarhat041@cdipbd.org', '01313031041', '0ea92326e2cf4686fc73ae7f12060bce', 'avatar.png', 23, 1, 5, 181, '2019-09-23 04:55:23', NULL),
(223, '147', NULL, 0, 0, 'Zamirta', '', 'Zamirta', 'zamirta134@cdipbd.org', '01313031134', '930c4d41ec48d04ec28af8067a73ca3b', 'avatar.png', 23, 1, 5, 181, '2019-09-23 04:55:23', NULL),
(224, '148', NULL, 0, 0, 'Zamsha', '', 'Zamsha', 'zamsha135@cdipbd.org', '01313031135', 'bde1f393db3b0f99d1000548d66a60b3', 'avatar.png', 23, 1, 5, 181, '2019-09-23 04:55:23', NULL),
(225, '75', NULL, 0, 0, 'Zinshar', '', 'Zinshar', 'zinshar075@cdipbd.org', '01313031075', '17b2fd980b569f95cbc5cd96e8d33c63', 'avatar.png', 23, 1, 5, 181, '2019-09-23 04:55:23', NULL),
(226, '9999', NULL, 2397, 1, 'Zahidul', 'Islam', 'pz@cdipbd.org', '2397', '01313043454', '25d55ad283aa400af464c76d713c07ad', '1505034887.jpg', 12, 1, 6, 181, '2019-10-12 06:07:46', NULL),
(227, '156', NULL, 0, 0, 'Srinagar-2', '', 'Srinagar-2', 'srinagarb2@cdipbd.org', '01313031039', 'f6d0a6ec7c91e45bd0ac871b42a38dc0', 'avatar.png', 23, 1, 5, 181, '2019-10-23 05:11:01', NULL),
(228, '157', NULL, 0, 0, 'Sirajdikhan-2', '', 'Sirajdikhan-2', 'sirajdikhanb2@cdipbd.org', '01313031040', '25d55ad283aa400af464c76d713c07ad', 'avatar.png', 23, 1, 5, 181, '2019-10-23 05:13:36', NULL),
(229, '158', NULL, 0, 0, 'Sonargaon-2', '', 'Sonargaon-2', 'sonargaonb2@cdipbd.org', '01313031031', '96e79218965eb72c92a549dd5a330112', 'avatar.png', 23, 1, 5, 181, '2019-10-23 05:15:22', NULL),
(230, '159', NULL, 0, 0, 'South Bangura-2', '', 'South Bangura-2', 'southbangurab2@cdipbd.org', '01313031010', '96e79218965eb72c92a549dd5a330112', 'avatar.png', 23, 1, 5, 181, '2019-10-23 05:16:49', NULL),
(231, '160', NULL, 0, 0, 'Haidergonj-2', '', 'Haidergonj-2', 'haidergonjb2@cdipbd.org', '01313031047', '7262fc1dd2c53e40c862343bb9544bb5', 'avatar.png', 23, 1, 5, 181, '2019-10-23 05:18:10', NULL),
(232, '161', NULL, 0, 0, 'Mandari-2', '', 'Mandari-2', 'mandarib2@cdipbd.org', '01313031058', 'c33367701511b4f6020ec61ded352059', 'avatar.png', 23, 1, 5, 181, '2019-10-23 05:19:24', NULL),
(233, '162', NULL, 0, 0, 'Khilabazar-2', '', 'Khilabazar-2', 'khilabazarb2@cdipbd.org', '01313031065', 'c33367701511b4f6020ec61ded352059', 'avatar.png', 23, 1, 5, 181, '2019-10-23 05:20:41', NULL),
(234, '66', NULL, 0, 0, 'modafforgonj', '0', 'modafforgonj', 'modafforgonj066@cdipbd.org', '01313031066', 'c33367701511b4f6020ec61ded352059', 'avatar.png', 23, 1, 5, 181, '2019-10-27 06:08:16', NULL),
(235, '9999', NULL, 3512, 1, 'Pubali', 'Sutradhar', 'pubali', 'pubali@cdipbd.org', '01313030422', 'e10adc3949ba59abbe56e057f20f883e', 'public/ratul.jpg', 102, 1, 1, 181, '2019-02-13 05:00:00', NULL),
(236, '9999', NULL, 2999, 1, 'saiful', 'islam', 'saiful', '2999', '01', 'fcea920f7412b5da7be0cf42b8c93759', 'avatar.png', 12, 1, 3, 181, '2019-11-27 08:30:23', NULL),
(237, '9999', NULL, 3304, 1, 'deep', 'deep', 'deep', '3304', '01', '25d55ad283aa400af464c76d713c07ad', 'avatar.png', 12, 1, 6, 181, '2019-11-27 08:36:52', NULL),
(238, '9999', NULL, 4188, 1, 'Mifta Naim', 'Huda', 'miftanh@cdipbd.org', '4188', '01313030459', '25d55ad283aa400af464c76d713c07ad', '1560658264.jpg', 12, 1, 6, 181, '2019-11-27 09:38:51', NULL),
(239, '64', NULL, 1412, 1, 'Abul Kalam', 'Azad', 'abul_kalam@gmail.com', '1412', '01', 'e10adc3949ba59abbe56e057f20f883e', 'avatar.png', 12, 1, 6, 181, '2019-11-27 10:26:52', NULL),
(240, '9999', NULL, 2540, 1, 'Tazul', 'Islam', 'tazul_2@cdipbd.org', '2540', '01', '25d55ad283aa400af464c76d713c07ad', '1522751737.jpg', 12, 1, 6, 181, '2019-11-28 06:26:03', NULL),
(241, '9999', NULL, 2138, 1, 'Gazi Jaheed', 'Ahsan', 'jaheedcdip@gmail.com', '2138', '01313030404', '38a6916fed411de8931efa1a1e484d11', '1522751388.jpg', 12, 1, 6, 181, '2019-11-28 06:47:47', NULL),
(242, '9999', NULL, 3512, 1, 'Pubali Rani', 'Sutradhar', 'Pubali Rani Sutradhar', 'pubalirani@cdipbd.org', '01313030422', '827ccb0eea8a706c4c34a16891f84e7b', 'avatar.png', 21, 1, 1, 181, '2019-11-30 03:43:42', NULL),
(243, '16', NULL, 325, 1, 'Md. Rashidul', 'Islam', 'Md. Rashidul Islam', 'dmrashidul@cdipbd.org', '111111111', '65a81dfaa7e46b7177312745e99bc907', 'avatar.png', 22, 1, 3, 181, '2019-11-30 05:10:00', NULL),
(244, '139', NULL, 837, 1, 'Md. Amdadul', 'Hoque', 'Md. Amdadul Hoque', 'am.keraniganj28@cdipbd.org', '11111111111', 'f379eaf3c831b04de153469d1bec345e', 'avatar.png', 22, 1, 4, 181, '2019-12-01 03:16:18', NULL),
(245, '9999', NULL, 3015, 1, 'Mahmuda', 'Akhter', 'Mahmuda Akhter', '3015', '01844007930', '25d55ad283aa400af464c76d713c07ad', 'mahmuda.jpg', 12, 1, 6, 181, '2019-12-11 04:36:28', NULL),
(246, '14', NULL, 57, 0, 'Mohammad Nazrul', 'Islam', 'Mohammad Nazrul Islam', 'am.mohonpur05@cdipbd.org', '11111111', 'd46e683b8d77c92987000d3a47463bf1', 'avatar.png', 22, 1, 4, 181, '2019-12-22 04:27:32', NULL),
(247, '63', NULL, 16, 0, 'Mohammad Khurshid', 'Alam', 'Mohammad Khurshid Alam', 'am.laksham16@cdipbd.org', '11111111', 'c33367701511b4f6020ec61ded352059', 'avatar.png', 22, 1, 4, 181, '2019-12-22 04:30:06', NULL),
(248, '59', NULL, 1822, 0, 'Amalendu', 'Sharma', 'Amalendu Sharma', 'am.noakhali13@cdipbd.org', '111111111', 'a2f9a2c9ef9b6bb03a22e203a3f4e26e', 'avatar.png', 22, 1, 4, 181, '2019-12-22 04:33:37', NULL),
(249, '62', NULL, 371, 0, 'Mohmmad Eshak', 'Ali', 'Mohmmad Eshak Ali', 'am.bajra14@cdipbd.org', '111111111', '77b3e6926e7295494dd3be91c6934899', 'avatar.png', 22, 1, 4, 181, '2019-12-22 04:37:38', NULL),
(250, '28', NULL, 3305, 0, 'Depanker', 'Ray', 'Depanker Ray', 'am.ashulia08@cdipbd.org', '1111111111', '4b1521254b23eefb9c7f2a442703a67e', 'avatar.png', 22, 1, 4, 181, '2019-12-22 04:41:28', NULL),
(251, '127', NULL, 725, 0, 'Md. Aminul', 'Islam', 'Md. Aminul Islam', 'am.chapainawabganj24@cdipbd.org', '11111111', 'cfd4ffcead31bb32f540dc3c36dd2242', 'avatar.png', 22, 1, 4, 181, '2019-12-22 04:49:48', NULL),
(252, '55', NULL, 1328, 0, 'Mohammad Sanoar', 'Hossain', 'Mohammad Sanoar Hossain', 'dmsanoar@cdipbd.org', '1111111111', '8b491c4c848633bb32054de1baa35f7f', 'avatar.png', 22, 1, 3, 181, '2019-12-31 03:45:42', NULL),
(253, '167', NULL, 162, 0, 'Md.Shahidul', 'Islam', 'Md.Shahidul Islam', 'am.bbaria30@cdipbd.org', '11111111111', 'c33367701511b4f6020ec61ded352059', 'avatar.png', 22, 1, 4, 181, '2020-01-01 04:33:18', NULL),
(254, '1', NULL, 1437, 0, 'Md. Obidur Rahman', 'Talukder', 'Md. Obidur Rahman Talukder', 'am.kuti01@cdipbd.org', '11111111111', 'c33367701511b4f6020ec61ded352059', 'avatar.png', 22, 1, 4, 181, '2020-01-01 04:37:55', NULL),
(255, '38', NULL, 906, 0, 'Md. Liakot', 'Ali', 'Md. Liakot Ali', 'am.narayangonj10@cdipbd.org', '1111111111', 'c33367701511b4f6020ec61ded352059', 'avatar.png', 22, 1, 4, 181, '2020-01-01 04:45:53', NULL),
(256, '170', NULL, 0, 0, 'Champaknagor', 'Champaknagor', 'Champaknagor', 'champaknagor142@cdipbd.org', '11111111', '96e79218965eb72c92a549dd5a330112', 'avatar.png', 23, 1, 5, 181, '2020-01-01 04:50:50', NULL),
(257, '167', NULL, 0, 0, 'Fulbaria', 'Fulbaria', 'Fulbaria', 'fulbaria143@cdipbd.org', '111111', 'fcea920f7412b5da7be0cf42b8c93759', 'avatar.png', 23, 1, 5, 181, '2020-01-01 04:51:52', NULL),
(258, '169', NULL, 0, 0, 'Sathborga', 'Sathborga', 'Sathborga', 'sathborga144@cdipbd.org', '111111111', 'e075b335c75b75398de188e0da407090', 'avatar.png', 23, 1, 5, 181, '2020-01-01 04:54:01', NULL),
(259, '168', NULL, 0, 0, 'Chandura', 'Chandura', 'Chandura', 'chandura145@cdipbd.org', '1111111111', '65c7d9489624f64d83beaf9151f87416', 'avatar.png', 23, 1, 5, 181, '2020-01-01 04:57:36', NULL),
(260, '164', NULL, 0, 0, 'Monohorgonj', 'Monohorgonj', 'Monohorgonj', 'monohorgonj146@cdipbd.org', '111111111', 'b6edc1cd1f36e45daf6d7824d7bb2283', 'avatar.png', 23, 1, 5, 181, '2020-01-01 04:58:22', NULL),
(261, '165', NULL, 0, 0, 'Subarnachar', 'Subarnachar', 'Subarnachar', 'subarnachar147@cdipbd.org', '11111111111', 'f860235f8f566e89c8aa89ed73283ba0', 'avatar.png', 23, 1, 5, 181, '2020-01-01 04:59:07', NULL),
(262, '166', NULL, 0, 0, 'Shekharnagar', 'Shekharnagar', 'Shekharnagar', 'shekharnagar148@cdipbd.org', '11111111111', '1bbd886460827015e5d605ed44252251', 'avatar.png', 23, 1, 5, 181, '2020-01-01 05:00:01', NULL),
(263, '171', NULL, 0, 0, 'Chengarchar', 'Chengarchar', 'Chengarchar', 'chengarchar149@cdipbd.org', '11111111111', '96e79218965eb72c92a549dd5a330112', 'avatar.png', 23, 1, 5, 181, '2020-01-01 05:01:18', NULL),
(264, '172', NULL, 0, 0, 'Matlab South', 'Matlab South', 'Matlab South', 'matlabsouth150@cdipbd.org', '11111111111', '96e79218965eb72c92a549dd5a330112', 'avatar.png', 23, 1, 5, 181, '2020-01-01 05:02:10', NULL),
(265, '173', NULL, 0, 0, 'Kachua', 'Kachua', 'Kachua', 'kachua151@cdipbd.org', '11111111111', 'a15d62b1ca84edf07bbc71cc9b5e8d5a', 'avatar.png', 23, 1, 5, 181, '2020-01-01 05:02:57', NULL);
INSERT INTO `tbl_admin` (`admin_id`, `branch_code`, `department_code`, `emp_id`, `emp_type`, `first_name`, `last_name`, `admin_name`, `email_address`, `cell_no`, `admin_password`, `admin_photo`, `access_label`, `status`, `user_type`, `org_code`, `created_at`, `updated_at`) VALUES
(266, '108', NULL, 75, 1, 'Nepal Chandra', 'Sarker', 'nepal', '75', '01', '25d55ad283aa400af464c76d713c07ad', 'avatar.png', 12, 1, 6, 181, '2020-01-25 08:05:04', NULL),
(267, '9999', NULL, 13, 1, 'Ashraful', 'Haque', 'Ashraful Haque', '13', '01', '25d55ad283aa400af464c76d713c07ad', 'avatar.png', 12, 1, 6, 181, '2020-01-28 06:45:17', NULL),
(268, '9999', NULL, 208, 1, 'Sarwar ', 'Zahan', 'Sarwar _Zahan', '208', '01', '25d55ad283aa400af464c76d713c07ad', 'avatar.png', 12, 1, 6, 181, '2020-01-28 10:50:26', NULL),
(269, '142', NULL, 211, 0, 'Sorowar-e-', 'Alam', 'Sorowar-e- Alam', 'am.nawabganj26@cdipbd.org', '11111111111', 'fcea920f7412b5da7be0cf42b8c93759', 'avatar.png', 22, 1, 4, 181, '2020-01-29 04:22:25', NULL),
(270, '48', NULL, 2302, 0, 'Sheek Mohammad', 'Abdullah', 'Sheek Mohammad Abdullah', 'am.laxmipur15@cdipbd.org', '11111111111', 'e3ceb5881a0a1fdaad01296d7554868d', 'avatar.png', 22, 1, 4, 181, '2020-01-29 04:24:54', NULL),
(271, '9999', NULL, 1061, 1, 'Zahidul', 'Islam', 'Zahidul Islam', '1061', '01313030446', '25d55ad283aa400af464c76d713c07ad', 'avatar.png', 12, 1, 6, 181, '2020-01-29 09:32:51', NULL),
(272, '9999', NULL, 4227, 1, 'Nurun Nahar ', 'Nishi', 'nishi@cdipbd.org', '4227', '01', '25d55ad283aa400af464c76d713c07ad', '4227.jpg', 12, 1, 6, 181, '2020-02-17 05:33:12', NULL),
(273, '1', NULL, 0, 1, 'Kuti', 'Branch', '1', 'kuti@gmail.com', '0000', 'e10adc3949ba59abbe56e057f20f883e', '', 111, 1, 1, 181, '2019-02-10 05:00:00', NULL),
(274, '30', NULL, 0, 1, 'Nayarhat', 'Branch', '30', '', '0000', 'e10adc3949ba59abbe56e057f20f883e', '', 111, 1, 1, 181, '2019-02-10 05:00:00', NULL),
(275, '28', NULL, 0, 1, 'Ashulia', 'Branch', '28', '', '0000', 'e10adc3949ba59abbe56e057f20f883e', '', 111, 1, 1, 181, '2019-02-10 05:00:00', NULL),
(276, '26', NULL, 0, 1, 'Board Bazar', 'Branch', '26', '', '0000', 'e10adc3949ba59abbe56e057f20f883e', '', 111, 1, 1, 181, '2019-02-10 05:00:00', NULL),
(278, '27', NULL, 0, 1, 'Pubail', 'Branch', '27', '', '0000', 'e10adc3949ba59abbe56e057f20f883e', '', 111, 1, 1, 181, '2019-02-10 05:00:00', NULL),
(279, '29', NULL, 0, 1, 'Kashimpur', 'Branch', '29', '', '0000', 'e10adc3949ba59abbe56e057f20f883e', '', 111, 1, 1, 181, '2019-02-10 05:00:00', NULL),
(280, '175', NULL, 0, 0, 'Hyderabad2', 'Hyderabad2', 'Hyderabad2', 'hyderabadb2@cdipbd.org', '000', '96e79218965eb72c92a549dd5a330112', 'avatar.png', 23, 1, 5, 181, '2020-03-02 03:21:10', NULL),
(281, '174', NULL, 0, 0, 'Abdullahpur2', 'Abdullahpur2', 'Abdullahpur2', 'abdullapurb2@cdipbd.org', '00', '96e79218965eb72c92a549dd5a330112', 'avatar.png', 23, 1, 5, 181, '2020-03-02 03:31:58', NULL),
(282, '9999', NULL, 527, 1, 'Abdur', 'Rouf', 'Abdur Rouf', '527', '01', '25d55ad283aa400af464c76d713c07ad', '', 12, 1, 6, 181, '2020-03-03 10:31:57', NULL),
(283, '177', NULL, 0, 0, 'Khalipharhat-2', 'Khalipharhat-2', 'Khalipharhat-2', 'khalipharhatb2@cdipbd.org', '00', '5b3e49749bb7a0cf3b18747db8289491', 'avatar.png', 23, 1, 5, 181, '2020-03-02 03:31:58', NULL),
(284, '176', NULL, 0, 0, 'Dharkhar', '', 'Dharkhar', 'dharkharb2@cdipbd.org', '01313031002', 'd964173dc44da83eeafa3aebbee9a1a0', 'avatar.png', 23, 1, 5, 181, '2019-09-23 04:55:23', NULL),
(285, '9999', '3', 26, 2, 'A.K.M Habib Ullah', 'Azad', 'A.K.M Habib Ullah Azad', 'akmazad@cdipbd.org', '01313030432', 'fcea920f7412b5da7be0cf42b8c93759', '1593421246.png', 24, 1, 7, 181, '2020-06-29 08:22:49', NULL),
(286, '9999', '5', 39, 1, 'A.K.M.Shamsur', 'Rahman', 'A.K.M.Shamsur Rahman', 'shamsur@cdipbd.org', '01313030415', 'fcea920f7412b5da7be0cf42b8c93759', '1593421151.jpg', 24, 1, 7, 181, '2020-06-29 08:36:25', NULL),
(287, '9999', '10,14', 1584, 1, 'Mohd. Abdul Kadir', 'Sarkar', 'Mohd. Abdul Kadir Sarkar', 'kadir@cdipbd.org', '01', '5425dd9ba593bde21898070a020d905c', '1593421179.jpg', 24, 1, 7, 181, '2020-06-29 08:50:40', NULL),
(288, '1', '10', 26, 2, 'saiful', 'islam', 'saiful', 'leavetest@gmail.com', '01', 'fcea920f7412b5da7be0cf42b8c93759', 'avatar.png', 24, 1, 7, 181, '2020-07-15 06:34:58', NULL),
(289, '145', NULL, 1482, 0, 'Moniruzzaman', 'Moniruzzaman', 'Moniruzzaman', 'am.charigram27@cdipbd.org', '11111111111', 'ab541d874c7bc19ab77642849e02b89f', 'avatar.png', 22, 1, 4, 181, '2020-08-16 04:59:29', NULL),
(290, '1', NULL, 0, 0, 'Kuti', '', 'Kuti', 'kutitest@cdipbd.org', '01313031001', 'fcea920f7412b5da7be0cf42b8c93759', 'avatar.png', 25, 1, 5, 181, '2019-09-23 04:55:23', NULL),
(291, '1', NULL, 162, 0, 'Md.Shahidul', 'Islam', 'Area Manager', 'am.kutitest@cdipbd.org', '1111111111', 'fcea920f7412b5da7be0cf42b8c93759', 'avatar.png', 25, 1, 4, 181, NULL, NULL),
(292, '2', NULL, 10, 0, 'Narayan Chandra', 'Ghosh', 'Narayan Chandra Ghosh', 'dmnarayantest@cdipbd.org', '11111111111', 'fcea920f7412b5da7be0cf42b8c93759', 'avatar.png', 25, 1, 3, 181, NULL, NULL),
(293, '9999', NULL, 3204, 1, 'Sabbir', 'Raihan', 'sabbir', 'sabbir@cdipbd.org', '01313030426', 'fcea920f7412b5da7be0cf42b8c93759', 'public/ratul.jpg', 21, 1, 1, 181, '2019-02-13 05:00:00', NULL),
(294, '16', NULL, 325, 1, 'Md. Rashidul', 'Islam', 'District Manager', 'dmrashidultest@cdipbd.org', '111111111', 'fcea920f7412b5da7be0cf42b8c93759', 'avatar.png', 25, 1, 3, 181, '2019-11-30 05:10:00', NULL),
(295, '1', NULL, 0, 0, 'Kuti', '', 'Kuti', 'kuti001test@cdipbd.org', '01313031001', 'fcea920f7412b5da7be0cf42b8c93759', 'avatar.png', 23, 1, 5, 181, '2019-09-23 04:55:23', NULL),
(296, '1', NULL, 162, 0, 'Md.Shahidul', 'Islam', 'Area Manager', 'am.kutitest1@cdipbd.org', '1111111111', 'fcea920f7412b5da7be0cf42b8c93759', 'avatar.png', 22, 1, 4, 181, NULL, NULL),
(297, '16', NULL, 325, 1, 'Md. Rashidul', 'Islam', 'District Manager', 'dmrashidultest1@cdipbd.org', '111111111', 'fcea920f7412b5da7be0cf42b8c93759', 'avatar.png', 22, 1, 3, 181, '2019-11-30 05:10:00', NULL),
(298, '9999', NULL, 4646, 0, 'Amit', 'Kumar Roy', 'Amit Kumar Roy', 'amit@cdipbd.org', '01', 'efd8db4bc6d35fb53228ccb1e6859783', 'avatar.png', 26, 1, 8, 181, '2020-09-08 09:21:08', NULL),
(299, '9999', NULL, 4646, 1, 'Amit', 'Kumar', 'amit', 'amit@cdipbd.org', '01313030450', 'e10adc3949ba59abbe56e057f20f883e', 'public/avatars.ratul.jpg', 101, 1, 1, 181, '2019-02-10 05:00:00', NULL),
(300, '9999', NULL, 3204, 1, 'Sabbir', 'Raihan', 'sabbir', 'sabbir@cdipbd.org', '01313030426', 'e10adc3949ba59abbe56e057f20f883e', 'public/ratul.jpg', 102, 1, 1, 181, '2019-02-13 05:00:00', NULL),
(301, '9999', NULL, 298, 0, 'Sachchidananda', 'Das', 'accounts@cdipbd.org', 'accounts@cdipbd.org', '111111111', '1bbd886460827015e5d605ed44252251', 'avatar.png', 21, 1, 1, 181, '2020-09-13 10:35:46', NULL),
(302, '9999', NULL, 298, 1, 'Sachchidananda Das', 'pijush', 'pijush', 'pijush@cdipbd.org', '01313030416', '138922f49afbb3e302848d230c056975', 'avatar.png', 27, 1, 1, 181, '2020-09-20 04:46:49', NULL);

-- --------------------------------------------------------

--
-- Table structure for table `tbl_admin_user_role`
--

CREATE TABLE `tbl_admin_user_role` (
  `id` int(11) NOT NULL,
  `admin_role_name` varchar(50) NOT NULL,
  `role_description` text NOT NULL,
  `role_status` tinyint(4) NOT NULL DEFAULT 1
) ENGINE=InnoDB DEFAULT CHARSET=utf8;

--
-- Dumping data for table `tbl_admin_user_role`
--

INSERT INTO `tbl_admin_user_role` (`id`, `admin_role_name`, `role_description`, `role_status`) VALUES
(1, 'Super Admin', 'This is Super Admin', 1),
(2, 'Admin', 'This is Admin', 1),
(3, 'HR Admin', 'This is HR Admin', 1),
(4, 'Pay Role Admin', 'This is Pay Role Admin', 1),
(5, 'HR Entry Checker', 'This is HR Entry Checker', 1),
(6, 'Pay Role Entry Checker', 'This is Pay Role Entry Checker', 1),
(7, 'HR Data Entry', '---', 1),
(8, 'Pay Role Data Entry', '---', 1),
(9, 'HR- Branch Admin', '---', 1),
(10, 'Pay Role - Branch Admin', 'uuuuuuuuuu', 1),
(11, 'Only View', 'Only View', 1),
(12, 'Employee', 'This is User Role', 1),
(13, 'Driver License Entry', 'Driver License Entry for emplyee', 1),
(14, 'Edms Entry', '-----------------------', 1),
(15, 'Appointment Entry', 'Appointment Entry', 1),
(16, 'Others', 'Others', 1),
(17, 'Leave Entry', 'Leave Entry', 1),
(18, 'MIS', 'Management Information System', 1),
(19, 'Recruitment', 'Recruitment', 1),
(20, 'Account', 'Account department', 1),
(21, 'Accounts', 'Accounts With File Transfer', 1),
(22, 'Branch User', 'Branch User', 1),
(23, 'Branch user ( Manager )', '---------------', 1),
(24, 'Shadow file view', '----------', 1),
(25, 'leave test role', 'only for test', 1),
(26, 'Admin View', '------', 1),
(27, 'Account salary certificate view', 'salary certificate view', 1);

-- --------------------------------------------------------

--
-- Table structure for table `tbl_area`
--

CREATE TABLE `tbl_area` (
  `id` int(11) NOT NULL,
  `area_code` smallint(6) NOT NULL,
  `area_name` varchar(30) NOT NULL,
  `area_name_bn` varchar(100) NOT NULL,
  `zone_code` tinyint(4) NOT NULL,
  `status` tinyint(1) DEFAULT 1,
  `created_at` datetime NOT NULL DEFAULT current_timestamp(),
  `created_by` tinyint(4) DEFAULT NULL,
  `updated_at` datetime DEFAULT NULL,
  `updated_by` tinyint(4) DEFAULT NULL,
  `org_code` smallint(6) NOT NULL DEFAULT 181
) ENGINE=InnoDB DEFAULT CHARSET=utf8;

--
-- Dumping data for table `tbl_area`
--

INSERT INTO `tbl_area` (`id`, `area_code`, `area_name`, `area_name_bn`, `zone_code`, `status`, `created_at`, `created_by`, `updated_at`, `updated_by`, `org_code`) VALUES
(1, 1, 'Kuti', 'কুটি এরিয়া', 2, 1, '2019-01-07 15:45:36', NULL, NULL, NULL, 181),
(2, 2, 'Dharkhar', 'ধরখার এরিয়া', 1, 1, '2019-01-07 15:45:36', NULL, NULL, NULL, 181),
(3, 3, 'Salimgonj', 'সলিমগঞ্জ এরিয়া', 1, 1, '2019-01-07 15:45:36', NULL, NULL, NULL, 181),
(4, 4, 'Gazipur', 'গাজিপুর এরিয়া', 8, 1, '2019-01-07 15:45:36', NULL, NULL, NULL, 181),
(5, 5, 'Mohanpur', 'মোহনপুর এরিয়া', 2, 1, '2019-01-07 15:45:36', NULL, NULL, NULL, 181),
(6, 6, 'Moinamoti', 'ময়নামতি এরিয়া', 2, 1, '2019-01-07 15:45:36', NULL, NULL, NULL, 181),
(7, 7, 'Hajigonj', 'হাজীগঞ্জ এরিয়া', 3, 1, '2019-01-07 15:45:36', NULL, NULL, NULL, 181),
(8, 8, 'Chandpur', 'চাঁদপুর এরিয়া', 3, 1, '2019-01-07 15:45:36', NULL, NULL, NULL, 181),
(9, 9, 'Ashulia', 'আশুলিয়া এরিয়া', 8, 1, '2019-01-07 15:45:36', NULL, NULL, NULL, 181),
(10, 10, 'Sonargaon', 'সোনারগাঁ এরিয়া ', 9, 1, '2019-01-07 15:45:36', NULL, NULL, NULL, 181),
(11, 11, 'Narayangonj', 'নারায়ণগঞ্জ এরিয়া', 5, 1, '2019-01-07 15:45:36', NULL, NULL, NULL, 181),
(12, 12, 'Munshigonj', 'মুন্সিগঞ্জ এরিয়া', 5, 1, '2019-01-07 15:45:36', NULL, NULL, NULL, 181),
(13, 13, 'Feni', 'ফেনী এরিয়া', 4, 1, '2019-01-07 15:45:36', NULL, NULL, NULL, 181),
(14, 14, 'Noakhali', 'নোয়াখালি এরিয়া', 4, 1, '2019-01-07 15:45:36', NULL, NULL, NULL, 181),
(15, 15, 'Bajra', 'বজরা এরিয়া', 4, 1, '2019-01-07 15:45:36', NULL, NULL, NULL, 181),
(16, 16, 'Laxmipur', 'লক্ষ্মীপুর এরিয়া', 3, 1, '2019-01-07 15:45:36', NULL, NULL, NULL, 181),
(17, 17, 'Laksham', 'লাকসাম এরিয়া', 3, 1, '2019-01-07 15:45:36', NULL, NULL, NULL, 181),
(18, 18, 'Titash', 'তিতাস এরিয়া', 9, 1, '2019-01-07 15:45:36', NULL, NULL, NULL, 181),
(19, 19, 'Chattogram', 'চট্টগ্রাম এরিয়া', 4, 1, '2019-01-07 15:45:36', NULL, NULL, NULL, 181),
(20, 20, 'Shahjadpur', 'শাহাজাদপুর এরিয়া', 6, 1, '2019-01-07 15:45:36', NULL, NULL, NULL, 181),
(21, 21, 'Pabna', 'পাবনা এরিয়া', 6, 1, '2019-01-07 15:45:36', NULL, NULL, NULL, 181),
(22, 22, 'Boraigram', 'বড়াইগ্রাম এরিয়া', 6, 1, '2019-01-07 15:45:36', NULL, NULL, NULL, 181),
(23, 23, 'Natore', 'নাটোর এরিয়া', 7, 1, '2019-01-07 15:45:36', NULL, NULL, NULL, 181),
(24, 24, 'Rajshahi', 'রাজশাহী এরিয়া', 7, 1, '2019-01-07 15:45:36', NULL, NULL, NULL, 181),
(25, 25, 'Chapainawabganj', 'চাঁপাইনবাবগঞ্জ এরিয়া', 7, 1, '2019-01-07 15:45:36', NULL, NULL, NULL, 181),
(26, 26, 'Nawabgonj', 'নবাবগঞ্জ এরিয়া', 5, 1, '2019-01-07 15:45:37', NULL, NULL, NULL, 181),
(27, 27, 'Charigram', 'চারিগ্রাম এরিয়া', 8, 1, '2019-01-07 15:45:37', NULL, NULL, NULL, 181),
(28, 28, 'Keraniganj', 'কেরানীগঞ্জ এরিয়া', 5, 1, '2019-01-07 15:45:37', NULL, NULL, NULL, 181),
(29, 29, 'Nabigonj', 'নবীগঞ্জ এরিয়া', 9, 1, '2019-01-07 15:45:37', NULL, NULL, NULL, 181),
(100, 9999, 'Head office', 'প্রধান কার্যালয়', 0, 1, '2019-11-07 12:09:54', NULL, NULL, NULL, 181),
(101, 30, 'B-Baria', 'বি-বাড়ীয়া এরিয়া', 1, 1, '2019-11-24 09:54:45', NULL, NULL, NULL, 181);

-- --------------------------------------------------------

--
-- Table structure for table `tbl_branch`
--

CREATE TABLE `tbl_branch` (
  `br_id` int(11) NOT NULL,
  `auto_increment_status` tinyint(4) NOT NULL DEFAULT 0,
  `br_code` varchar(10) NOT NULL,
  `is_master` tinyint(1) NOT NULL DEFAULT 1,
  `branch_name` varchar(30) NOT NULL,
  `area_code` smallint(6) NOT NULL,
  `zone_code` tinyint(4) NOT NULL,
  `br_name_bangla` varchar(50) DEFAULT NULL,
  `branch_contact_no` varchar(15) DEFAULT NULL,
  `branch_email` varchar(50) DEFAULT NULL,
  `branch_address` varchar(250) DEFAULT NULL,
  `start_date` date DEFAULT NULL,
  `status` tinyint(1) NOT NULL DEFAULT 1,
  `created_at` datetime NOT NULL DEFAULT current_timestamp(),
  `created_by` tinyint(4) DEFAULT NULL,
  `updated_at` datetime DEFAULT NULL,
  `updated_by` tinyint(4) DEFAULT NULL,
  `org_code` smallint(6) NOT NULL DEFAULT 181
) ENGINE=InnoDB DEFAULT CHARSET=utf8;

--
-- Dumping data for table `tbl_branch`
--

INSERT INTO `tbl_branch` (`br_id`, `auto_increment_status`, `br_code`, `is_master`, `branch_name`, `area_code`, `zone_code`, `br_name_bangla`, `branch_contact_no`, `branch_email`, `branch_address`, `start_date`, `status`, `created_at`, `created_by`, `updated_at`, `updated_by`, `org_code`) VALUES
(1, 0, '1', 1, 'Kuti', 1, 2, 'কুটি', NULL, NULL, NULL, NULL, 1, '2019-01-07 15:46:20', NULL, NULL, NULL, 181),
(2, 0, '2', 1, 'Dharkar', 2, 1, 'ধরখার', NULL, NULL, NULL, NULL, 1, '2019-01-07 15:46:20', NULL, NULL, NULL, 181),
(3, 0, '3', 1, 'Chargas', 2, 1, 'চারগাছ', NULL, NULL, NULL, NULL, 1, '2019-01-07 15:46:20', NULL, NULL, NULL, 181),
(4, 0, '4', 1, 'Bitghar', 2, 1, 'বিটঘর', NULL, NULL, NULL, NULL, 1, '2019-01-07 15:46:20', NULL, NULL, NULL, 181),
(5, 0, '5', 1, 'Hyderabad', 1, 2, 'হায়দ্রাবাদ', NULL, NULL, NULL, NULL, 1, '2019-01-07 15:46:20', NULL, NULL, NULL, 181),
(6, 0, '6', 1, 'Srikail', 3, 1, 'শ্রীকাইল', NULL, NULL, NULL, NULL, 1, '2019-01-07 15:46:20', NULL, NULL, NULL, 181),
(7, 0, '7', 1, 'Salimgonj', 3, 1, 'সলিমগঞ্জ', NULL, NULL, NULL, NULL, 1, '2019-01-07 15:46:20', NULL, NULL, NULL, 181),
(8, 0, '8', 1, 'Ruposhdi', 3, 1, 'রূপসদী', NULL, NULL, NULL, NULL, 1, '2019-01-07 15:46:20', NULL, NULL, NULL, 181),
(9, 0, '9', 1, 'Maona', 4, 8, 'মাওনা', NULL, NULL, NULL, NULL, 1, '2019-01-07 15:46:20', NULL, NULL, NULL, 181),
(10, 0, '10', 1, 'South Bangura', 5, 2, 'দক্ষিণ বাঙ্গুরা', NULL, NULL, NULL, NULL, 1, '2019-01-07 15:46:20', NULL, NULL, NULL, 181),
(11, 0, '11', 1, 'Shahebabad', 1, 2, 'সাহেবাবাদ', NULL, NULL, NULL, NULL, 1, '2019-01-07 15:46:20', NULL, NULL, NULL, 181),
(12, 0, '12', 1, 'Bholachong', 3, 1, 'ভোলাচং', NULL, NULL, NULL, NULL, 1, '2019-01-07 15:46:20', NULL, NULL, NULL, 181),
(13, 0, '13', 1, 'Bharashar Bazar', 6, 2, 'ভরাসারবাজার-১', NULL, NULL, NULL, NULL, 1, '2019-01-07 15:46:20', NULL, NULL, NULL, 181),
(14, 0, '14', 1, 'Mohonpur (Cumilla)', 5, 2, 'মোহনপুর (কুমিল্লা)', NULL, NULL, NULL, NULL, 1, '2019-01-07 15:46:20', NULL, NULL, NULL, 181),
(15, 0, '15', 1, 'Joina', 4, 8, 'জৈনা', NULL, NULL, NULL, NULL, 1, '2019-01-07 15:46:20', NULL, NULL, NULL, 181),
(16, 0, '16', 1, 'Moinamoti', 6, 2, 'ময়নামতি-১', NULL, NULL, NULL, NULL, 1, '2019-01-07 15:46:21', NULL, NULL, NULL, 181),
(17, 0, '17', 1, 'Nimshar', 5, 2, 'নিমসার', NULL, NULL, NULL, NULL, 1, '2019-01-07 15:46:21', NULL, NULL, NULL, 181),
(18, 0, '18', 1, 'Hajigonj', 7, 3, 'হাজীগঞ্জ', NULL, NULL, NULL, NULL, 1, '2019-01-07 15:46:21', NULL, NULL, NULL, 181),
(19, 0, '19', 1, 'Rahimanagar', 7, 3, 'রহিমানগর', NULL, NULL, NULL, NULL, 1, '2019-01-07 15:46:21', NULL, NULL, NULL, 181),
(20, 0, '20', 1, 'Shahrasti', 7, 3, 'শাহরাস্তি', NULL, NULL, NULL, NULL, 1, '2019-01-07 15:46:21', NULL, NULL, NULL, 181),
(21, 0, '21', 1, 'Waruk', 7, 3, 'ওয়ারুক', NULL, NULL, NULL, NULL, 1, '2019-01-07 15:46:21', NULL, NULL, NULL, 181),
(22, 0, '22', 1, 'Rampur', 8, 3, 'রামপুর', NULL, NULL, NULL, NULL, 1, '2019-01-07 15:46:21', NULL, NULL, NULL, 181),
(23, 0, '23', 1, 'Gazipur Sadar', 4, 8, 'গাজীপুর সদর', NULL, NULL, NULL, NULL, 1, '2019-01-07 15:46:21', NULL, NULL, NULL, 181),
(24, 0, '24', 1, 'Porabari', 4, 8, 'পোড়াবাড়ী', NULL, NULL, NULL, NULL, 1, '2019-01-07 15:46:21', NULL, NULL, NULL, 181),
(25, 0, '25', 1, 'Rajabari', 4, 8, 'রাজাবাড়ী', NULL, NULL, NULL, NULL, 1, '2019-01-07 15:46:21', NULL, NULL, NULL, 181),
(26, 0, '26', 1, 'Board Bazar', 9, 8, 'বোর্ডবাজার', NULL, NULL, NULL, NULL, 1, '2019-01-07 15:46:21', NULL, NULL, NULL, 181),
(27, 0, '27', 1, 'Pubail', 9, 8, 'পূবাইল', NULL, NULL, NULL, NULL, 1, '2019-01-07 15:46:21', NULL, NULL, NULL, 181),
(28, 0, '28', 1, 'Ashulia', 9, 8, 'আশুলিয়া', NULL, NULL, NULL, NULL, 1, '2019-01-07 15:46:21', NULL, NULL, NULL, 181),
(29, 0, '29', 1, 'Kashimpur', 9, 8, 'কাশিমপুর', NULL, NULL, NULL, NULL, 1, '2019-01-07 15:46:21', NULL, NULL, NULL, 181),
(30, 0, '30', 1, 'Nayarhat', 9, 8, 'নয়ারহাট', NULL, NULL, NULL, NULL, 1, '2019-01-07 15:46:21', NULL, NULL, NULL, 181),
(31, 0, '31', 1, 'Sonargaon', 10, 9, 'সোনারগাঁ', NULL, NULL, NULL, NULL, 1, '2019-01-07 15:46:21', NULL, NULL, NULL, 181),
(32, 0, '32', 1, 'Modonpur', 10, 9, 'মদনপুর-১', NULL, NULL, NULL, NULL, 1, '2019-01-07 15:46:21', NULL, NULL, NULL, 181),
(33, 0, '33', 1, 'Araihazar', 10, 9, 'আড়াইহাজার', NULL, NULL, NULL, NULL, 1, '2019-01-07 15:46:21', NULL, NULL, NULL, 181),
(34, 0, '34', 1, 'Modongonj', 11, 5, 'মদনগঞ্জ-১', NULL, NULL, NULL, NULL, 1, '2019-01-07 15:46:21', NULL, NULL, NULL, 181),
(35, 0, '35', 1, 'Bhaberchar', 29, 9, 'ভবেরচর', NULL, NULL, NULL, NULL, 1, '2019-01-07 15:46:21', NULL, NULL, NULL, 181),
(36, 0, '36', 1, 'Tongibari', 12, 5, 'টঙ্গীবাড়ী', NULL, NULL, NULL, NULL, 1, '2019-01-07 15:46:21', NULL, NULL, NULL, 181),
(37, 0, '37', 1, 'Abdullahpur', 11, 5, 'আব্দুল্লাপুর', NULL, NULL, NULL, NULL, 1, '2019-01-07 15:46:21', NULL, NULL, NULL, 181),
(38, 0, '38', 1, 'Munshigonj', 11, 5, 'মুন্সিগঞ্জ সদর-১', NULL, NULL, NULL, NULL, 1, '2019-01-07 15:46:21', NULL, NULL, NULL, 181),
(39, 0, '39', 1, 'Srinagar', 12, 5, 'শ্রীনগর', NULL, NULL, NULL, NULL, 1, '2019-01-07 15:46:21', NULL, NULL, NULL, 181),
(40, 0, '40', 1, 'Sirajdikhan', 12, 5, 'সিরাজদীখান', NULL, NULL, NULL, NULL, 1, '2019-01-07 15:46:21', NULL, NULL, NULL, 181),
(41, 0, '41', 1, 'Zamidarhat', 13, 4, 'জমিদারহাট', NULL, NULL, NULL, NULL, 1, '2019-01-07 15:46:21', NULL, NULL, NULL, 181),
(42, 0, '42', 1, 'Khalipharhat', 14, 4, 'খলিফারহাট', NULL, NULL, NULL, NULL, 1, '2019-01-07 15:46:21', NULL, NULL, NULL, 181),
(43, 0, '43', 1, 'Bajra', 15, 4, 'বজরা', NULL, NULL, NULL, NULL, 1, '2019-01-07 15:46:21', NULL, NULL, NULL, 181),
(44, 0, '44', 1, 'Chandragonj', 16, 3, 'চন্দ্রগঞ্জ', NULL, NULL, NULL, NULL, 1, '2019-01-07 15:46:22', NULL, NULL, NULL, 181),
(45, 0, '45', 1, 'Dagonbhuiya', 13, 4, 'দাগনভূঁইয়া', NULL, NULL, NULL, NULL, 1, '2019-01-07 15:46:22', NULL, NULL, NULL, 181),
(46, 0, '46', 1, 'Raipur/Laxmipur', 16, 3, 'রায়পুর (লক্ষীপুর)', NULL, NULL, NULL, NULL, 1, '2019-01-07 15:46:22', NULL, NULL, NULL, 181),
(47, 0, '47', 1, 'Haidergonj', 16, 3, 'হায়দরগঞ্জ-১', NULL, NULL, NULL, NULL, 1, '2019-01-07 15:46:22', NULL, NULL, NULL, 181),
(48, 0, '48', 1, 'Laxmipur', 16, 3, 'লক্ষীপুর সদর', NULL, NULL, NULL, NULL, 1, '2019-01-07 15:46:22', NULL, NULL, NULL, 181),
(49, 0, '49', 1, 'Ramgonj', 8, 3, 'রামগঞ্জ', NULL, NULL, NULL, NULL, 1, '2019-01-07 15:46:22', NULL, NULL, NULL, 181),
(50, 0, '50', 1, 'Faridgonj', 8, 3, 'ফরিদগঞ্জ', NULL, NULL, NULL, NULL, 1, '2019-01-07 15:46:22', NULL, NULL, NULL, 181),
(51, 0, '51', 1, 'Barera', 6, 2, 'বারেরা', NULL, NULL, NULL, NULL, 1, '2019-01-07 15:46:22', NULL, NULL, NULL, 181),
(52, 0, '52', 1, 'Madhaiya', 5, 2, 'মাধাইয়া', NULL, NULL, NULL, NULL, 1, '2019-01-07 15:46:22', NULL, NULL, NULL, 181),
(53, 0, '53', 1, 'Mahamaya', 8, 3, 'মহামায়া', NULL, NULL, NULL, NULL, 1, '2019-01-07 15:46:22', NULL, NULL, NULL, 181),
(54, 0, '54', 1, 'Chapapur', 6, 2, 'চাঁপাপুর-১', NULL, NULL, NULL, NULL, 1, '2019-01-07 15:46:22', NULL, NULL, NULL, 181),
(55, 0, '55', 1, 'Nabigonj', 29, 9, 'নবীগঞ্জ-১', NULL, NULL, NULL, NULL, 1, '2019-01-07 15:46:22', NULL, NULL, NULL, 181),
(56, 0, '56', 1, 'Naopara', 12, 5, 'নওপাড়া', NULL, NULL, NULL, NULL, 1, '2019-01-07 15:46:22', NULL, NULL, NULL, 181),
(57, 0, '57', 1, 'Nodona', 15, 4, 'নদোনা', NULL, NULL, NULL, NULL, 1, '2019-01-07 15:46:22', NULL, NULL, NULL, 181),
(58, 0, '58', 1, 'Mandari', 16, 3, 'মান্দারী-১', NULL, NULL, NULL, NULL, 1, '2019-01-07 15:46:22', NULL, NULL, NULL, 181),
(59, 0, '59', 1, 'Maizdi', 14, 4, 'মাইজদী', NULL, NULL, NULL, NULL, 1, '2019-01-07 15:46:22', NULL, NULL, NULL, 181),
(60, 0, '60', 1, 'Dasher Hat', 14, 4, 'দাসেরহাট', NULL, NULL, NULL, NULL, 1, '2019-01-07 15:46:22', NULL, NULL, NULL, 181),
(61, 0, '61', 1, 'Bagmara', 17, 3, 'বাগমারা', NULL, NULL, NULL, NULL, 1, '2019-01-07 15:46:22', NULL, NULL, NULL, 181),
(62, 0, '62', 1, 'Bipulashar', 15, 4, 'বিপুলাসার', NULL, NULL, NULL, NULL, 1, '2019-01-07 15:46:22', NULL, NULL, NULL, 181),
(63, 0, '63', 1, 'Laksham', 17, 3, 'লাকসাম-১', NULL, NULL, NULL, NULL, 1, '2019-01-07 15:46:22', NULL, NULL, NULL, 181),
(64, 0, '64', 1, 'Nangolkot', 17, 3, 'নাঙ্গলকোট', NULL, NULL, NULL, NULL, 1, '2019-01-07 15:46:22', NULL, NULL, NULL, 181),
(65, 0, '65', 1, 'Khilabazar', 15, 4, 'খিলাবাজার-১', NULL, NULL, NULL, NULL, 1, '2019-01-07 15:46:22', NULL, NULL, NULL, 181),
(66, 0, '66', 1, 'Mudafforgonj', 17, 3, 'মুদাফ্ফরগঞ্জ', NULL, NULL, NULL, NULL, 1, '2019-01-07 15:46:22', NULL, NULL, NULL, 181),
(67, 0, '67', 1, 'Bangla Bazar', 14, 4, 'বাংলাবাজার', NULL, NULL, NULL, NULL, 1, '2019-01-07 15:46:22', NULL, NULL, NULL, 181),
(68, 0, '68', 1, 'Kankirhat', 13, 4, 'কানকিরহাট', NULL, NULL, NULL, NULL, 1, '2019-01-07 15:46:22', NULL, NULL, NULL, 181),
(69, 0, '69', 1, 'Sonapur', 14, 4, 'সোনাপুর', NULL, NULL, NULL, NULL, 1, '2019-01-07 15:46:22', NULL, NULL, NULL, 181),
(70, 0, '70', 1, 'Chatkhil', 15, 4, 'চাটখিল', NULL, NULL, NULL, NULL, 1, '2019-01-07 15:46:22', NULL, NULL, NULL, 181),
(71, 0, '71', 1, 'Miar Bazar', 6, 2, 'মিয়ারবাজার', NULL, NULL, NULL, NULL, 1, '2019-01-07 15:46:22', NULL, NULL, NULL, 181),
(72, 0, '72', 1, 'Kamalla', 5, 2, 'কামাল্লা', NULL, NULL, NULL, NULL, 1, '2019-01-07 15:46:22', NULL, NULL, NULL, 181),
(73, 0, '73', 1, 'Torpurchandi', 8, 3, 'তরপুরচন্ডি', NULL, NULL, NULL, NULL, 1, '2019-01-07 15:46:22', NULL, NULL, NULL, 181),
(74, 0, '74', 1, 'Chagolnaiya', 13, 4, 'ছাগলনাইয়া', NULL, NULL, NULL, NULL, 1, '2019-01-07 15:46:22', NULL, NULL, NULL, 181),
(75, 0, '75', 1, 'Zinshar', 17, 3, 'জিনসার', NULL, NULL, NULL, NULL, 1, '2019-01-07 15:46:23', NULL, NULL, NULL, 181),
(76, 0, '76', 1, 'Siddirgonj', 29, 9, 'সিদ্ধিরগঞ্জ-১', NULL, NULL, NULL, NULL, 1, '2019-01-07 15:46:23', NULL, NULL, NULL, 181),
(77, 0, '77', 1, 'Islampur', 12, 5, 'ইসলামপুর', NULL, NULL, NULL, NULL, 1, '2019-01-07 15:46:23', NULL, NULL, NULL, 181),
(78, 0, '78', 1, 'Kaldaha/Lemua', 13, 4, 'কালিদহ (লেমুয়া)', NULL, NULL, NULL, NULL, 1, '2019-01-07 15:46:23', NULL, NULL, NULL, 181),
(79, 0, '79', 1, 'Gawsia', 10, 9, 'গাউছিয়া', NULL, NULL, NULL, NULL, 1, '2019-01-07 15:46:23', NULL, NULL, NULL, 181),
(80, 0, '80', 1, 'Juranpur', 18, 9, 'জুরানপুর', NULL, NULL, NULL, NULL, 1, '2019-01-07 15:46:23', NULL, NULL, NULL, 181),
(81, 0, '81', 1, 'Baroiyerhat', 19, 4, 'বারইয়ারহাট', NULL, NULL, NULL, NULL, 1, '2019-01-07 15:46:23', NULL, NULL, NULL, 181),
(82, 0, '82', 1, 'Bara Kumira', 19, 4, 'বড় কুমিড়া', NULL, NULL, NULL, NULL, 1, '2019-01-07 15:46:23', NULL, NULL, NULL, 181),
(83, 0, '83', 1, 'Colonehat', 19, 4, 'কর্ণেলহাট', NULL, NULL, NULL, NULL, 1, '2019-01-07 15:46:23', NULL, NULL, NULL, 181),
(84, 0, '84', 1, 'Raipur/Gauripur', 18, 9, 'রায়পুর (গৌরীপুর)', NULL, NULL, NULL, NULL, 1, '2019-01-07 15:46:23', NULL, NULL, NULL, 181),
(85, 0, '85', 1, 'Mirsharai', 19, 4, 'মিরসরাই', NULL, NULL, NULL, NULL, 1, '2019-01-07 15:46:23', NULL, NULL, NULL, 181),
(86, 0, '86', 1, 'Meghna', 18, 9, 'মেঘনা', NULL, NULL, NULL, NULL, 1, '2019-01-07 15:46:23', NULL, NULL, NULL, 181),
(87, 0, '87', 1, 'Titash', 18, 9, 'তিতাস', NULL, NULL, NULL, NULL, 1, '2019-01-07 15:46:23', NULL, NULL, NULL, 181),
(88, 0, '88', 1, 'Sachar', 7, 3, 'সাচার', NULL, NULL, NULL, NULL, 1, '2019-01-07 15:46:23', NULL, NULL, NULL, 181),
(89, 0, '89', 1, 'Mathabhanga', 18, 9, 'মাথাভাঙ্গা', NULL, NULL, NULL, NULL, 1, '2019-01-07 15:46:23', NULL, NULL, NULL, 181),
(90, 0, '90', 1, 'Sitakunda', 19, 4, 'সীতাকুন্ড', NULL, NULL, NULL, NULL, 1, '2019-01-07 15:46:23', NULL, NULL, NULL, 181),
(91, 0, '91', 1, 'Kashinathpur', 20, 6, 'কাশিনাথপুর', NULL, NULL, NULL, NULL, 1, '2019-01-07 15:46:23', NULL, NULL, NULL, 181),
(92, 0, '92', 1, 'C & B Bazar', 20, 6, 'সিএন্ডবি বাজার', NULL, NULL, NULL, NULL, 1, '2019-01-07 15:46:23', NULL, NULL, NULL, 181),
(93, 0, '93', 1, 'Sathia', 20, 6, 'সাঁথিয়া', NULL, NULL, NULL, NULL, 1, '2019-01-07 15:46:23', NULL, NULL, NULL, 181),
(94, 0, '94', 1, 'Ananta', 21, 6, 'অনন্ত', NULL, NULL, NULL, NULL, 1, '2019-01-07 15:46:23', NULL, NULL, NULL, 181),
(95, 0, '95', 1, 'Baluchar', 21, 6, 'বালুচর', NULL, NULL, NULL, NULL, 1, '2019-01-07 15:46:23', NULL, NULL, NULL, 181),
(96, 0, '96', 1, 'Debottor', 21, 6, 'দেবোত্তর', NULL, NULL, NULL, NULL, 1, '2019-01-07 15:46:23', NULL, NULL, NULL, 181),
(97, 0, '97', 1, 'Rajapur', 22, 6, 'রাজাপুর', NULL, NULL, NULL, NULL, 1, '2019-01-07 15:46:23', NULL, NULL, NULL, 181),
(98, 0, '98', 1, 'Harishpur', 23, 7, 'হরিষপুর', NULL, NULL, NULL, NULL, 1, '2019-01-07 15:46:23', NULL, NULL, NULL, 181),
(99, 0, '99', 1, 'Putia', 24, 7, 'পুঠিয়া', NULL, NULL, NULL, NULL, 1, '2019-01-07 15:46:23', NULL, NULL, NULL, 181),
(100, 0, '100', 1, 'Katakhali', 24, 7, 'কাটাখালী', NULL, NULL, NULL, NULL, 1, '2019-01-07 15:46:23', NULL, NULL, NULL, 181),
(101, 0, '101', 2, 'Bharashar Bazar-2', 6, 2, 'ভরাসারবাজার-২', NULL, NULL, NULL, NULL, 1, '2019-01-07 15:46:23', NULL, NULL, NULL, 181),
(102, 0, '102', 2, 'Moinamoti-2', 6, 2, 'ময়নামতি-২', NULL, NULL, NULL, NULL, 1, '2019-01-07 15:46:23', NULL, NULL, NULL, 181),
(103, 0, '103', 2, 'Munshigonj-2', 11, 5, 'মুন্সিগঞ্জ সদর-২', NULL, NULL, NULL, NULL, 1, '2019-01-07 15:46:23', NULL, NULL, NULL, 181),
(104, 0, '104', 2, 'Nabigonj-2', 29, 9, 'নবীগঞ্জ-২', NULL, NULL, NULL, NULL, 1, '2019-01-07 15:46:23', NULL, NULL, NULL, 181),
(105, 0, '105', 2, 'Kuti-2', 1, 2, 'কুটি-২', NULL, NULL, NULL, NULL, 1, '2019-01-07 15:46:23', NULL, NULL, NULL, 181),
(106, 0, '106', 2, 'Modongonj-2', 11, 5, 'মদনগঞ্জ-২', NULL, NULL, NULL, NULL, 1, '2019-01-07 15:46:23', NULL, NULL, NULL, 181),
(107, 0, '107', 2, 'Salimgonj-2', 3, 1, 'সলিমগঞ্জ-২', NULL, NULL, NULL, NULL, 1, '2019-01-07 15:46:23', NULL, NULL, NULL, 181),
(108, 0, '108', 1, 'Sujanagar', 21, 6, 'সুজানগর', NULL, NULL, NULL, NULL, 1, '2019-01-07 15:46:23', NULL, NULL, NULL, 181),
(109, 0, '109', 1, 'Aotapara', 22, 6, 'আওতাপাড়া', NULL, NULL, NULL, NULL, 1, '2019-01-07 15:46:23', NULL, NULL, NULL, 181),
(110, 0, '110', 1, 'Naldanga', 23, 7, 'নলডাঙ্গা', NULL, NULL, NULL, NULL, 1, '2019-01-07 15:46:23', NULL, NULL, NULL, 181),
(111, 0, '111', 1, 'Taherpur', 23, 7, 'তাহেরপুর', NULL, NULL, NULL, NULL, 1, '2019-01-07 15:46:23', NULL, NULL, NULL, 181),
(112, 0, '112', 1, 'Paba', 24, 7, 'পবা', NULL, NULL, NULL, NULL, 1, '2019-01-07 15:46:23', NULL, NULL, NULL, 181),
(113, 0, '113', 1, 'Bhangura', 21, 6, 'ভাংগুড়া', NULL, NULL, NULL, NULL, 1, '2019-01-07 15:46:24', NULL, NULL, NULL, 181),
(114, 0, '114', 1, 'Bagatipara', 23, 7, 'বাগাতীপাড়া', NULL, NULL, NULL, NULL, 1, '2019-01-07 15:46:24', NULL, NULL, NULL, 181),
(115, 0, '115', 1, 'Bonpara', 22, 6, 'বনপাড়া', NULL, NULL, NULL, NULL, 1, '2019-01-07 15:46:24', NULL, NULL, NULL, 181),
(116, 0, '116', 1, 'Gurudaspur', 22, 6, 'গুরুদাসপুর', NULL, NULL, NULL, NULL, 1, '2019-01-07 15:46:24', NULL, NULL, NULL, 181),
(117, 0, '117', 1, 'Singra', 23, 7, 'সিংড়া', NULL, NULL, NULL, NULL, 1, '2019-01-07 15:46:24', NULL, NULL, NULL, 181),
(118, 0, '118', 2, 'Siddirgonj-2', 29, 9, 'সিদ্ধিরগঞ্জ-২ ', NULL, NULL, NULL, NULL, 1, '2019-01-07 15:46:24', NULL, NULL, NULL, 181),
(119, 0, '119', 2, 'Maona-2', 4, 8, 'মাওনা-২', NULL, NULL, NULL, NULL, 1, '2019-01-07 15:46:24', NULL, NULL, NULL, 181),
(120, 0, '120', 2, 'Modonpur-2', 10, 9, 'মদনপুর-২', NULL, NULL, NULL, NULL, 1, '2019-01-07 15:46:24', NULL, NULL, NULL, 181),
(121, 0, '121', 2, 'Chapapur-2', 6, 2, 'চাঁপাপুর-২', NULL, NULL, NULL, NULL, 1, '2019-01-07 15:46:24', NULL, NULL, NULL, 181),
(123, 0, '123', 1, 'Tanore', 25, 7, 'তানোর', NULL, NULL, NULL, NULL, 1, '2019-01-07 15:46:24', NULL, NULL, NULL, 181),
(124, 0, '124', 1, 'Bagha', 24, 7, 'বাঘা', NULL, NULL, NULL, NULL, 1, '2019-01-07 15:46:24', NULL, NULL, NULL, 181),
(125, 0, '125', 1, 'Mohonpur (Rajshahi)', 24, 7, 'মোহনপুর(রাঃ)', NULL, NULL, NULL, NULL, 1, '2019-01-07 15:46:24', NULL, NULL, NULL, 181),
(126, 0, '126', 1, 'Godagari', 25, 7, 'গোদাগাড়ী', NULL, NULL, NULL, NULL, 1, '2019-01-07 15:46:24', NULL, NULL, NULL, 181),
(127, 0, '127', 1, 'Chapainawabganj', 25, 7, 'চাঁপাইনবাবগঞ্জ', NULL, NULL, NULL, NULL, 1, '2019-01-07 15:46:24', NULL, NULL, NULL, 181),
(128, 0, '128', 1, 'Shibganj', 25, 7, 'শিবগঞ্জ', NULL, NULL, NULL, NULL, 1, '2019-01-07 15:46:24', NULL, NULL, NULL, 181),
(129, 0, '129', 1, 'Bholahat', 25, 7, 'ভোলাহাট', NULL, NULL, NULL, NULL, 1, '2019-01-07 15:46:24', NULL, NULL, NULL, 181),
(130, 0, '130', 1, 'Ullapara', 20, 6, 'উল্লাপাড়া', NULL, NULL, NULL, NULL, 1, '2019-01-07 15:46:24', NULL, NULL, NULL, 181),
(131, 0, '131', 1, 'Shahjadpur', 20, 6, 'শাহজাদপুর', NULL, NULL, NULL, NULL, 1, '2019-01-07 15:46:24', NULL, NULL, NULL, 181),
(132, 0, '132', 1, 'Lalpur/Gopalpur', 22, 6, 'গোপালপুর/লালপুর', NULL, NULL, NULL, NULL, 1, '2019-01-07 15:46:24', NULL, NULL, NULL, 181),
(133, 0, '133', 2, 'Chargas-2', 2, 1, 'চারগাছ-২', NULL, NULL, NULL, NULL, 1, '2019-01-07 15:46:24', NULL, NULL, NULL, 181),
(134, 0, '134', 1, 'Nayanpur', 1, 2, 'নয়নপুর', NULL, NULL, NULL, NULL, 1, '2019-01-07 15:46:24', NULL, NULL, NULL, 181),
(135, 0, '135', 1, 'Gopinathpur', 1, 2, 'গোপীনাথপুর', NULL, NULL, NULL, NULL, 1, '2019-01-07 15:46:24', NULL, NULL, NULL, 181),
(136, 0, '136', 1, 'Salimabad', 3, 1, 'সলিমাবাদ', NULL, NULL, NULL, NULL, 1, '2019-01-07 15:46:24', NULL, NULL, NULL, 181),
(137, 0, '137', 1, 'Lalpur Bazar', 30, 1, 'লালপুর বাজার', NULL, NULL, NULL, NULL, 1, '2019-01-07 15:46:24', NULL, NULL, NULL, 181),
(138, 0, '138', 1, 'Goshaipur', 30, 1, 'গোসাইপুর', NULL, NULL, NULL, NULL, 1, '2019-01-07 15:46:24', NULL, NULL, NULL, 181),
(139, 0, '139', 1, 'Ruhitpur', 28, 5, 'রোহিতপুর', NULL, NULL, NULL, NULL, 1, '2019-01-07 15:46:24', NULL, NULL, NULL, 181),
(140, 0, '140', 1, 'Basta', 28, 5, 'বাস্তা', NULL, NULL, NULL, NULL, 1, '2019-01-07 15:46:24', NULL, NULL, NULL, 181),
(141, 0, '141', 1, 'Hijoltala', 28, 5, 'হিজলতলা', NULL, NULL, NULL, NULL, 1, '2019-01-07 15:46:24', NULL, NULL, NULL, 181),
(142, 0, '142', 1, 'Galimpur', 26, 5, 'গালিমপুর', NULL, NULL, NULL, NULL, 1, '2019-01-07 15:46:24', NULL, NULL, NULL, 181),
(143, 0, '143', 1, 'Joypara', 26, 5, 'জয়পাড়া', NULL, NULL, NULL, NULL, 1, '2019-01-07 15:46:24', NULL, NULL, NULL, 181),
(144, 0, '144', 2, 'Laksham-2', 17, 3, 'লাকসাম-২', NULL, NULL, NULL, NULL, 1, '2019-01-07 15:46:24', NULL, NULL, NULL, 181),
(145, 0, '145', 1, 'Charigram', 27, 8, 'চারিগ্রাম', NULL, NULL, NULL, NULL, 1, '2019-01-07 15:46:25', NULL, NULL, NULL, 181),
(146, 0, '146', 1, 'Hemayetpur', 27, 8, 'হেমায়েতপুর', NULL, NULL, NULL, NULL, 1, '2019-01-07 15:46:25', NULL, NULL, NULL, 181),
(147, 0, '147', 1, 'Zamirta', 27, 8, 'জামির্তা', NULL, NULL, NULL, NULL, 1, '2019-01-07 15:46:25', NULL, NULL, NULL, 181),
(148, 0, '148', 1, 'Zamsha', 27, 8, 'জামশা ', NULL, NULL, NULL, NULL, 1, '2019-01-07 15:46:25', NULL, NULL, NULL, 181),
(149, 0, '149', 1, 'Shikaripara', 27, 8, 'শিকারীপাড়া', NULL, NULL, NULL, NULL, 1, '2019-01-07 15:46:25', NULL, NULL, NULL, 181),
(150, 0, '150', 1, 'Gopaldi', 10, 9, 'গোপালদী', NULL, NULL, NULL, NULL, 1, '2019-01-07 15:46:25', NULL, NULL, NULL, 181),
(151, 0, '151', 1, 'Kolatia', 28, 5, 'কলাতিয়া', NULL, NULL, NULL, NULL, 1, '2019-01-07 15:46:25', NULL, NULL, NULL, 181),
(152, 0, '152', 1, 'Paragram', 28, 5, 'পাড়াগ্রাম', NULL, NULL, NULL, NULL, 1, '2019-01-07 15:46:25', NULL, NULL, NULL, 181),
(153, 0, '153', 1, 'Bandura', 26, 5, 'বান্দুরা', NULL, NULL, NULL, NULL, 1, '2019-01-07 15:46:25', NULL, NULL, NULL, 181),
(154, 0, '154', 1, 'Sholla', 26, 5, 'শোল্লা', NULL, NULL, NULL, NULL, 1, '2019-01-07 15:46:25', NULL, NULL, NULL, 181),
(155, 0, '155', 1, 'Ratonpur', 3, 1, 'রতনপুর', NULL, NULL, NULL, NULL, 1, '2019-01-07 15:46:25', NULL, NULL, NULL, 181),
(156, 0, '156', 2, 'Srinagar-2', 12, 5, 'শ্রীনগর-২', NULL, NULL, NULL, NULL, 1, '2019-01-07 15:46:25', NULL, NULL, NULL, 181),
(157, 0, '157', 2, 'Sirajdikhan-2', 12, 5, 'সিরাজদীখান-২', NULL, NULL, NULL, NULL, 1, '2019-01-07 15:46:25', NULL, NULL, NULL, 181),
(158, 0, '158', 2, 'Sonargaon-2', 10, 9, 'সোনারগাঁ-২', NULL, NULL, NULL, NULL, 1, '2019-01-07 15:46:25', NULL, NULL, NULL, 181),
(159, 0, '9997', 1, 'N/A', 50, 100, NULL, NULL, NULL, NULL, NULL, 1, '2019-01-07 15:46:25', NULL, NULL, NULL, 181),
(160, 0, '9998', 1, 'Mirasani', 50, 100, NULL, NULL, NULL, NULL, NULL, 0, '2019-01-07 15:46:25', NULL, NULL, NULL, 181),
(161, 0, '9999', 1, 'Head Office', 9999, 0, 'প্রধান কার্যালয়', NULL, NULL, NULL, NULL, 1, '2019-01-07 15:46:25', NULL, NULL, NULL, 181),
(162, 0, '159', 2, 'South Bangura-2', 5, 2, 'দক্ষিণ বাঙ্গুরা-২', NULL, NULL, NULL, NULL, 1, '2019-02-03 14:28:03', NULL, NULL, NULL, 181),
(163, 0, '160', 2, 'Haidergonj-2', 16, 3, 'হায়দরগঞ্জ-২', NULL, NULL, NULL, NULL, 1, '2019-02-03 14:29:16', NULL, NULL, NULL, 181),
(164, 0, '161', 2, 'Mandari-2', 16, 3, 'মান্দারী-২', NULL, NULL, NULL, NULL, 1, '2019-02-03 14:29:50', NULL, NULL, NULL, 181),
(165, 0, '162', 2, 'Khilabazar-2', 15, 4, 'খিলাবাজার-২', '01', 'mandari@gmail.com', 'Chittagong', '2019-02-02', 1, '2019-02-05 10:57:15', 1, NULL, NULL, 181),
(166, 0, '163', 2, 'Bitghar-2', 2, 1, 'বিটঘর-২', NULL, NULL, NULL, NULL, 1, '2019-05-04 14:25:03', NULL, NULL, NULL, 181),
(167, 0, '164', 1, 'Monohorgonj', 15, 4, 'মনোহরগঞ্জ', NULL, NULL, NULL, '2020-01-01', 1, '2019-11-24 10:12:31', NULL, NULL, NULL, 181),
(168, 0, '165', 1, 'Subarnachar', 14, 4, 'সুবর্ণচর', NULL, NULL, NULL, '2020-01-01', 1, '2019-11-24 10:16:12', NULL, NULL, NULL, 181),
(169, 0, '166', 1, 'Shekharnagar', 26, 5, 'শেখরনগর', NULL, NULL, NULL, '2020-01-01', 1, '2019-11-24 10:19:25', NULL, NULL, NULL, 181),
(170, 0, '167', 1, 'Fulbaria', 30, 1, 'ফুলবাড়ীয়া', NULL, NULL, NULL, '2020-01-01', 1, '2019-11-24 10:25:58', NULL, NULL, NULL, 181),
(171, 0, '168', 1, 'Chandura', 30, 1, 'চান্দুরা', NULL, NULL, NULL, '2020-01-01', 1, '2019-11-24 10:27:32', NULL, NULL, NULL, 181),
(172, 0, '169', 1, 'Sathborga', 30, 1, 'সাতবর্গ', NULL, NULL, NULL, '2020-01-01', 1, '2019-11-24 10:28:39', NULL, NULL, NULL, 181),
(173, 0, '170', 1, 'Champaknagor', 2, 1, 'চম্পকনগর', NULL, NULL, NULL, '2020-01-01', 1, '2019-11-24 10:31:03', NULL, NULL, NULL, 181),
(174, 0, '171', 1, 'Chengarchar', 18, 9, 'ছেংগার চর', NULL, NULL, NULL, '2020-01-01', 1, '2019-11-24 10:32:17', NULL, NULL, NULL, 181),
(175, 0, '172', 1, 'Matlab South', 8, 3, 'মতলব দক্ষিণ', NULL, NULL, NULL, '2020-01-01', 1, '2019-11-24 10:34:01', NULL, NULL, NULL, 181),
(176, 0, '173', 1, 'Kachua', 7, 3, 'কচুয়া', NULL, NULL, NULL, '2020-01-01', 1, '2019-11-24 10:35:07', NULL, NULL, NULL, 181),
(177, 0, '174', 2, 'Abdullahpur-2', 11, 5, 'আব্দুল্লাপুর-২', NULL, NULL, NULL, '2020-03-01', 1, '2020-01-27 09:49:34', NULL, NULL, NULL, 181),
(178, 0, '175', 2, 'Hyderabad-2', 1, 2, 'হায়দ্রাবাদ-২', NULL, NULL, NULL, '2020-03-01', 1, '2020-01-27 09:52:47', NULL, NULL, NULL, 181),
(179, 0, '176', 1, 'Dharkar-2', 2, 1, 'ধরখার-২', NULL, NULL, NULL, '2020-04-01', 1, '2020-01-27 09:54:34', NULL, NULL, NULL, 181),
(180, 0, '177', 1, 'Khalipharhat-2', 14, 4, 'খলিফারহাট-২', NULL, NULL, NULL, '2020-02-01', 1, '2020-02-05 16:23:10', NULL, NULL, NULL, 181);

-- --------------------------------------------------------

--
-- Table structure for table `tbl_navbar`
--

CREATE TABLE `tbl_navbar` (
  `nav_id` int(11) NOT NULL,
  `nav_group_id` tinyint(4) NOT NULL,
  `nav_name` varchar(50) NOT NULL,
  `user_access` varchar(100) NOT NULL,
  `nav_action` varchar(200) NOT NULL,
  `nav_order` smallint(6) NOT NULL DEFAULT 1,
  `nav_status` tinyint(1) NOT NULL DEFAULT 1
) ENGINE=InnoDB DEFAULT CHARSET=utf8;

--
-- Dumping data for table `tbl_navbar`
--

INSERT INTO `tbl_navbar` (`nav_id`, `nav_group_id`, `nav_name`, `user_access`, `nav_action`, `nav_order`, `nav_status`) VALUES
(1, 1, 'Dashboard', '1,2,3,4,5,7,19,21,26', '/dashboard', 0, 1),
(2, 6, 'Manage Menu Group', '1', '/manage-menu-group', 0, 1),
(3, 6, 'Manage Menu', '1', '/manage-menu', 0, 1),
(9, 6, 'User Manager', '1', '/manage-user', 0, 1),
(23, 6, 'Manage User Role', '1', '/user-role', 0, 1),
(24, 6, 'Role wise Permission', '1', '/role-permission', 0, 0),
(25, 6, 'Org Manager', '1', '/org-manager', 0, 1),
(132, 6, 'Branch user', '1', '/add_user_br', 13, 0),
(172, 26, 'Program', '1', '/program_form', 0, 1);

-- --------------------------------------------------------

--
-- Table structure for table `tbl_navbar_group`
--

CREATE TABLE `tbl_navbar_group` (
  `nav_group_id` int(11) NOT NULL,
  `nav_group_name` varchar(50) NOT NULL,
  `grpup_icon` varchar(100) NOT NULL,
  `is_sub_menu` tinyint(4) NOT NULL,
  `sl_order` tinyint(4) NOT NULL,
  `user_access` varchar(50) NOT NULL DEFAULT '1',
  `nav_group_status` tinyint(4) NOT NULL DEFAULT 1
) ENGINE=InnoDB DEFAULT CHARSET=utf8;

--
-- Dumping data for table `tbl_navbar_group`
--

INSERT INTO `tbl_navbar_group` (`nav_group_id`, `nav_group_name`, `grpup_icon`, `is_sub_menu`, `sl_order`, `user_access`, `nav_group_status`) VALUES
(1, 'Dashboard', '<i class=\"fa fa-tachometer\" aria-hidden=\"true\"></i>', 0, 1, '1,2,3,7,19,21,26', 1),
(3, 'Settings', '<i class=\"fa fa-cogs\" aria-hidden=\"true\"></i>', 1, 4, '1,3,7,20,21', 1),
(5, 'Reports', '<i class=\"fa fa-file\"></i>', 1, 5, '1', 0),
(6, 'Config', '<i class=\"fa fa-cog\"></i>', 1, 6, '1', 1),
(26, 'Audit Entry Form', '<i class=\"fa fa-check\" aria-hidden=\"true\"></i>', 1, 4, '1', 1);

-- --------------------------------------------------------

--
-- Table structure for table `tbl_ogranization`
--

CREATE TABLE `tbl_ogranization` (
  `org_id` int(11) NOT NULL,
  `org_full_name` varchar(50) NOT NULL,
  `org_short_name` varchar(30) NOT NULL,
  `org_code` int(11) NOT NULL,
  `reg_no` varchar(100) NOT NULL,
  `org_logo` varchar(50) NOT NULL,
  `favicon` varchar(50) NOT NULL DEFAULT 'favicon_default.png',
  `org_address` text NOT NULL,
  `org_contact` varchar(11) NOT NULL,
  `org_email` varchar(100) NOT NULL,
  `org_web_address` varchar(100) NOT NULL,
  `org_start_date` date NOT NULL,
  `org_status` tinyint(4) NOT NULL DEFAULT 1
) ENGINE=InnoDB DEFAULT CHARSET=utf8;

--
-- Dumping data for table `tbl_ogranization`
--

INSERT INTO `tbl_ogranization` (`org_id`, `org_full_name`, `org_short_name`, `org_code`, `reg_no`, `org_logo`, `favicon`, `org_address`, `org_contact`, `org_email`, `org_web_address`, `org_start_date`, `org_status`) VALUES
(1, 'Center for Development Innovation and Practices', 'CDIP', 181, 'aaaaaa', 'cdip.png', 'favicon.png', 'CDIP Bhaban\r\nHouse # 17, Road # 13\r\nPisciculture Housing Society\r\nShekhertek, Adabor, Dhaka - 1207.', '9141891', 'cdipbd@gmail.com', 'www.cdipbd.org', '1990-10-24', 2),
(2, 'Dragon Fruit', 'Dragon', 5985, '8788', 'lion-715852_960_720.png', 'favicon_default.png', 'Amazone Forest', '989898', 'amazon@gmail.com', 'www.qwer.com', '2017-11-13', 1);

-- --------------------------------------------------------

--
-- Table structure for table `tbl_user`
--

CREATE TABLE `tbl_user` (
  `id` int(11) UNSIGNED NOT NULL,
  `user_name` varchar(50) NOT NULL,
  `user_password` varchar(32) NOT NULL,
  `emp_id` int(11) NOT NULL,
  `user_role_id` int(11) DEFAULT NULL,
  `user_type` int(11) DEFAULT NULL,
  `work_station` int(11) DEFAULT NULL,
  `status` int(11) NOT NULL DEFAULT 1,
  `created_at` datetime DEFAULT current_timestamp(),
  `updated_at` datetime DEFAULT current_timestamp()
) ENGINE=InnoDB DEFAULT CHARSET=utf8;

--
-- Dumping data for table `tbl_user`
--

INSERT INTO `tbl_user` (`id`, `user_name`, `user_password`, `emp_id`, `user_role_id`, `user_type`, `work_station`, `status`, `created_at`, `updated_at`) VALUES
(1, '102', 'e10adc3949ba59abbe56e057f20f883e', 29, 3, 5, 102, 1, '2019-06-22 14:32:36', '2019-06-22 14:32:36'),
(2, '2', 'e10adc3949ba59abbe56e057f20f883e', 40, 3, 5, 2, 1, '2019-06-22 14:32:37', '2019-06-22 14:32:37'),
(3, '8', 'e10adc3949ba59abbe56e057f20f883e', 54, 3, 5, 8, 1, '2019-06-22 14:32:37', '2019-06-22 14:32:37'),
(4, '108', 'e10adc3949ba59abbe56e057f20f883e', 75, 3, 5, 108, 1, '2019-06-22 14:32:37', '2019-06-22 14:32:37'),
(5, '10', 'e10adc3949ba59abbe56e057f20f883e', 121, 3, 5, 10, 1, '2019-06-22 14:32:37', '2019-06-22 14:32:37'),
(6, '34', 'e10adc3949ba59abbe56e057f20f883e', 122, 3, 5, 34, 1, '2019-06-22 14:32:37', '2019-06-22 14:32:37'),
(7, '89', 'e10adc3949ba59abbe56e057f20f883e', 163, 3, 5, 89, 1, '2019-06-22 14:32:37', '2019-06-22 14:32:37'),
(8, '80', 'e10adc3949ba59abbe56e057f20f883e', 181, 3, 5, 80, 1, '2019-06-22 14:32:37', '2019-06-22 14:32:37'),
(9, '46', 'e10adc3949ba59abbe56e057f20f883e', 207, 3, 5, 46, 1, '2019-06-22 14:32:37', '2019-06-22 14:32:37'),
(10, '57', 'e10adc3949ba59abbe56e057f20f883e', 211, 3, 5, 57, 1, '2019-06-22 14:32:37', '2019-06-22 14:32:37'),
(11, '42', 'e10adc3949ba59abbe56e057f20f883e', 222, 3, 5, 42, 1, '2019-06-22 14:32:37', '2019-06-22 14:32:37'),
(12, '92', 'e10adc3949ba59abbe56e057f20f883e', 223, 3, 5, 92, 1, '2019-06-22 14:32:37', '2019-06-22 14:32:37'),
(13, '14', 'e10adc3949ba59abbe56e057f20f883e', 231, 3, 5, 14, 1, '2019-06-22 14:32:37', '2019-06-22 14:32:37'),
(14, '35', 'e10adc3949ba59abbe56e057f20f883e', 242, 3, 5, 35, 1, '2019-06-22 14:32:37', '2019-06-22 14:32:37'),
(15, '19', 'e10adc3949ba59abbe56e057f20f883e', 245, 3, 5, 19, 1, '2019-06-22 14:32:38', '2019-06-22 14:32:38'),
(16, '130', 'e10adc3949ba59abbe56e057f20f883e', 248, 3, 5, 130, 1, '2019-06-22 14:32:38', '2019-06-22 14:32:38'),
(17, '37', 'e10adc3949ba59abbe56e057f20f883e', 262, 3, 5, 37, 1, '2019-06-22 14:32:38', '2019-06-22 14:32:38'),
(18, '43', 'e10adc3949ba59abbe56e057f20f883e', 264, 3, 5, 43, 1, '2019-06-22 14:32:38', '2019-06-22 14:32:38'),
(19, '94', 'e10adc3949ba59abbe56e057f20f883e', 265, 3, 5, 94, 1, '2019-06-22 14:32:38', '2019-06-22 14:32:38'),
(20, '85', 'e10adc3949ba59abbe56e057f20f883e', 272, 3, 5, 85, 1, '2019-06-22 14:32:38', '2019-06-22 14:32:38'),
(21, '96', 'e10adc3949ba59abbe56e057f20f883e', 278, 3, 5, 96, 1, '2019-06-22 14:32:38', '2019-06-22 14:32:38'),
(22, '162', 'e10adc3949ba59abbe56e057f20f883e', 301, 3, 5, 162, 1, '2019-06-22 14:32:38', '2019-06-22 14:32:38'),
(23, '117', 'e10adc3949ba59abbe56e057f20f883e', 307, 3, 5, 117, 1, '2019-06-22 14:32:38', '2019-06-22 14:32:38'),
(24, '17', 'e10adc3949ba59abbe56e057f20f883e', 310, 3, 5, 17, 1, '2019-06-22 14:32:38', '2019-06-22 14:32:38'),
(25, '134', 'e10adc3949ba59abbe56e057f20f883e', 315, 3, 5, 134, 1, '2019-06-22 14:32:38', '2019-06-22 14:32:38'),
(26, '72', 'e10adc3949ba59abbe56e057f20f883e', 335, 3, 5, 72, 1, '2019-06-22 14:32:38', '2019-06-22 14:32:38'),
(27, '48', 'e10adc3949ba59abbe56e057f20f883e', 395, 3, 5, 48, 1, '2019-06-22 14:32:38', '2019-06-22 14:32:38'),
(28, '21', 'e10adc3949ba59abbe56e057f20f883e', 405, 3, 5, 21, 1, '2019-06-22 14:32:38', '2019-06-22 14:32:38'),
(29, '32', 'e10adc3949ba59abbe56e057f20f883e', 443, 3, 5, 32, 1, '2019-06-22 14:32:39', '2019-06-22 14:32:39'),
(30, '128', 'e10adc3949ba59abbe56e057f20f883e', 446, 3, 5, 128, 1, '2019-06-22 14:32:39', '2019-06-22 14:32:39'),
(31, '143', 'e10adc3949ba59abbe56e057f20f883e', 449, 3, 5, 143, 1, '2019-06-22 14:32:39', '2019-06-22 14:32:39'),
(32, '87', 'e10adc3949ba59abbe56e057f20f883e', 451, 3, 5, 87, 1, '2019-06-22 14:32:39', '2019-06-22 14:32:39'),
(33, '66', 'e10adc3949ba59abbe56e057f20f883e', 475, 3, 5, 66, 1, '2019-06-22 14:32:39', '2019-06-22 14:32:39'),
(34, '13', 'e10adc3949ba59abbe56e057f20f883e', 489, 3, 5, 13, 1, '2019-06-22 14:32:39', '2019-06-22 14:32:39'),
(35, '54', 'e10adc3949ba59abbe56e057f20f883e', 507, 3, 5, 54, 1, '2019-06-22 14:32:39', '2019-06-22 14:32:39'),
(36, '63', 'e10adc3949ba59abbe56e057f20f883e', 540, 3, 5, 63, 1, '2019-06-22 14:32:39', '2019-06-22 14:32:39'),
(37, '39', 'e10adc3949ba59abbe56e057f20f883e', 655, 3, 5, 39, 1, '2019-06-22 14:32:39', '2019-06-22 14:32:39'),
(38, '28', 'e10adc3949ba59abbe56e057f20f883e', 671, 3, 5, 28, 1, '2019-06-22 14:32:39', '2019-06-22 14:32:39'),
(39, '25', 'e10adc3949ba59abbe56e057f20f883e', 672, 3, 5, 25, 1, '2019-06-22 14:32:39', '2019-06-22 14:32:39'),
(40, '15', 'e10adc3949ba59abbe56e057f20f883e', 690, 3, 5, 15, 1, '2019-06-22 14:32:39', '2019-06-22 14:32:39'),
(41, '106', 'e10adc3949ba59abbe56e057f20f883e', 710, 3, 5, 106, 1, '2019-06-22 14:32:40', '2019-06-22 14:32:40'),
(42, '58', 'e10adc3949ba59abbe56e057f20f883e', 752, 3, 5, 58, 1, '2019-06-22 14:32:40', '2019-06-22 14:32:40'),
(43, '7', 'e10adc3949ba59abbe56e057f20f883e', 771, 3, 5, 7, 1, '2019-06-22 14:32:40', '2019-06-22 14:32:40'),
(44, '26', 'e10adc3949ba59abbe56e057f20f883e', 798, 3, 5, 26, 1, '2019-06-22 14:32:40', '2019-06-22 14:32:40'),
(45, '3', 'e10adc3949ba59abbe56e057f20f883e', 801, 3, 5, 3, 1, '2019-06-22 14:32:40', '2019-06-22 14:32:40'),
(46, '30', 'e10adc3949ba59abbe56e057f20f883e', 808, 3, 5, 30, 1, '2019-06-22 14:32:40', '2019-06-22 14:32:40'),
(47, '65', 'e10adc3949ba59abbe56e057f20f883e', 810, 3, 5, 65, 1, '2019-06-22 14:32:40', '2019-06-22 14:32:40'),
(48, '44', 'e10adc3949ba59abbe56e057f20f883e', 827, 3, 5, 44, 1, '2019-06-22 14:32:40', '2019-06-22 14:32:40'),
(49, '27', 'e10adc3949ba59abbe56e057f20f883e', 831, 3, 5, 27, 1, '2019-06-22 14:32:40', '2019-06-22 14:32:40'),
(50, '36', 'e10adc3949ba59abbe56e057f20f883e', 833, 3, 5, 36, 1, '2019-06-22 14:32:40', '2019-06-22 14:32:40'),
(51, '152', 'e10adc3949ba59abbe56e057f20f883e', 835, 3, 5, 152, 1, '2019-06-22 14:32:40', '2019-06-22 14:32:40'),
(52, '5', 'e10adc3949ba59abbe56e057f20f883e', 837, 3, 5, 5, 1, '2019-06-22 14:32:40', '2019-06-22 14:32:40'),
(53, '154', 'e10adc3949ba59abbe56e057f20f883e', 861, 3, 5, 154, 1, '2019-06-22 14:32:41', '2019-06-22 14:32:41'),
(54, '20', 'e10adc3949ba59abbe56e057f20f883e', 868, 3, 5, 20, 1, '2019-06-22 14:32:41', '2019-06-22 14:32:41'),
(55, '95', 'e10adc3949ba59abbe56e057f20f883e', 869, 3, 5, 95, 1, '2019-06-22 14:32:41', '2019-06-22 14:32:41'),
(56, '145', 'e10adc3949ba59abbe56e057f20f883e', 870, 3, 5, 145, 1, '2019-06-22 14:32:41', '2019-06-22 14:32:41'),
(57, '59', 'e10adc3949ba59abbe56e057f20f883e', 906, 3, 5, 59, 1, '2019-06-22 14:32:41', '2019-06-22 14:32:41'),
(58, '79', 'e10adc3949ba59abbe56e057f20f883e', 908, 3, 5, 79, 1, '2019-06-22 14:32:41', '2019-06-22 14:32:41'),
(59, '103', 'e10adc3949ba59abbe56e057f20f883e', 934, 3, 5, 103, 1, '2019-06-22 14:32:41', '2019-06-22 14:32:41'),
(60, '110', 'e10adc3949ba59abbe56e057f20f883e', 941, 3, 5, 110, 1, '2019-06-22 14:32:41', '2019-06-22 14:32:41'),
(61, '23', 'e10adc3949ba59abbe56e057f20f883e', 949, 3, 5, 23, 1, '2019-06-22 14:32:41', '2019-06-22 14:32:41'),
(62, '129', 'e10adc3949ba59abbe56e057f20f883e', 970, 3, 5, 129, 1, '2019-06-22 14:32:41', '2019-06-22 14:32:41'),
(63, '69', 'e10adc3949ba59abbe56e057f20f883e', 978, 3, 5, 69, 1, '2019-06-22 14:32:41', '2019-06-22 14:32:41'),
(64, '47', 'e10adc3949ba59abbe56e057f20f883e', 984, 3, 5, 47, 1, '2019-06-22 14:32:41', '2019-06-22 14:32:41'),
(65, '147', 'e10adc3949ba59abbe56e057f20f883e', 985, 3, 5, 147, 1, '2019-06-22 14:32:41', '2019-06-22 14:32:41'),
(66, '38', 'e10adc3949ba59abbe56e057f20f883e', 992, 3, 5, 38, 1, '2019-06-22 14:32:41', '2019-06-22 14:32:41'),
(67, '105', 'e10adc3949ba59abbe56e057f20f883e', 1002, 3, 5, 105, 1, '2019-06-22 14:32:42', '2019-06-22 14:32:42'),
(68, '133', 'e10adc3949ba59abbe56e057f20f883e', 1003, 3, 5, 133, 1, '2019-06-22 14:32:42', '2019-06-22 14:32:42'),
(69, '138', 'e10adc3949ba59abbe56e057f20f883e', 1005, 3, 5, 138, 1, '2019-06-22 14:32:42', '2019-06-22 14:32:42'),
(70, '121', 'e10adc3949ba59abbe56e057f20f883e', 1020, 3, 5, 121, 1, '2019-06-22 14:32:42', '2019-06-22 14:32:42'),
(71, '55', 'e10adc3949ba59abbe56e057f20f883e', 1028, 3, 5, 55, 1, '2019-06-22 14:32:42', '2019-06-22 14:32:42'),
(72, '88', 'e10adc3949ba59abbe56e057f20f883e', 1059, 3, 5, 88, 1, '2019-06-22 14:32:42', '2019-06-22 14:32:42'),
(73, '135', 'e10adc3949ba59abbe56e057f20f883e', 1062, 3, 5, 135, 1, '2019-06-22 14:32:42', '2019-06-22 14:32:42'),
(74, '61', 'e10adc3949ba59abbe56e057f20f883e', 1064, 3, 5, 61, 1, '2019-06-22 14:32:42', '2019-06-22 14:32:42'),
(75, '114', 'e10adc3949ba59abbe56e057f20f883e', 1065, 3, 5, 114, 1, '2019-06-22 14:32:42', '2019-06-22 14:32:42'),
(76, '51', 'e10adc3949ba59abbe56e057f20f883e', 1068, 3, 5, 51, 1, '2019-06-22 14:32:42', '2019-06-22 14:32:42'),
(77, '99', 'e10adc3949ba59abbe56e057f20f883e', 1079, 3, 5, 99, 1, '2019-06-22 14:32:42', '2019-06-22 14:32:42'),
(78, '111', 'e10adc3949ba59abbe56e057f20f883e', 1085, 3, 5, 111, 1, '2019-06-22 14:32:42', '2019-06-22 14:32:42'),
(79, '77', 'e10adc3949ba59abbe56e057f20f883e', 1092, 3, 5, 77, 1, '2019-06-22 14:32:42', '2019-06-22 14:32:42'),
(80, '136', 'e10adc3949ba59abbe56e057f20f883e', 1097, 3, 5, 136, 1, '2019-06-22 14:32:42', '2019-06-22 14:32:42'),
(81, '153', 'e10adc3949ba59abbe56e057f20f883e', 1185, 3, 5, 153, 1, '2019-06-22 14:32:43', '2019-06-22 14:32:43'),
(82, '163', 'e10adc3949ba59abbe56e057f20f883e', 1207, 3, 5, 163, 1, '2019-06-22 14:32:43', '2019-06-22 14:32:43'),
(83, '119', 'e10adc3949ba59abbe56e057f20f883e', 1228, 3, 5, 119, 1, '2019-06-22 14:32:43', '2019-06-22 14:32:43'),
(84, '101', 'e10adc3949ba59abbe56e057f20f883e', 1234, 3, 5, 101, 1, '2019-06-22 14:32:43', '2019-06-22 14:32:43'),
(85, '11', 'e10adc3949ba59abbe56e057f20f883e', 1242, 3, 5, 11, 1, '2019-06-22 14:32:43', '2019-06-22 14:32:43'),
(86, '140', 'e10adc3949ba59abbe56e057f20f883e', 1246, 3, 5, 140, 1, '2019-06-22 14:32:43', '2019-06-22 14:32:43'),
(87, '84', 'e10adc3949ba59abbe56e057f20f883e', 1251, 3, 5, 84, 1, '2019-06-22 14:32:43', '2019-06-22 14:32:43'),
(88, '41', 'e10adc3949ba59abbe56e057f20f883e', 1259, 3, 5, 41, 1, '2019-06-22 14:32:43', '2019-06-22 14:32:43'),
(89, '91', 'e10adc3949ba59abbe56e057f20f883e', 1264, 3, 5, 91, 1, '2019-06-22 14:32:43', '2019-06-22 14:32:43'),
(90, '137', 'e10adc3949ba59abbe56e057f20f883e', 1283, 3, 5, 137, 1, '2019-06-22 14:32:44', '2019-06-22 14:32:44'),
(91, '1', 'e10adc3949ba59abbe56e057f20f883e', 1326, 3, 5, 1, 1, '2019-06-22 14:32:44', '2019-06-22 14:32:44'),
(92, '6', 'e10adc3949ba59abbe56e057f20f883e', 1330, 3, 5, 6, 1, '2019-06-22 14:32:44', '2019-06-22 14:32:44'),
(93, '9', 'e10adc3949ba59abbe56e057f20f883e', 1333, 3, 5, 9, 1, '2019-06-22 14:32:44', '2019-06-22 14:32:44'),
(94, '62', 'e10adc3949ba59abbe56e057f20f883e', 1336, 3, 5, 62, 1, '2019-06-22 14:32:44', '2019-06-22 14:32:44'),
(95, '120', 'e10adc3949ba59abbe56e057f20f883e', 1355, 3, 5, 120, 1, '2019-06-22 14:32:44', '2019-06-22 14:32:44'),
(96, '67', 'e10adc3949ba59abbe56e057f20f883e', 1371, 3, 5, 67, 1, '2019-06-22 14:32:44', '2019-06-22 14:32:44'),
(97, '118', 'e10adc3949ba59abbe56e057f20f883e', 1391, 3, 5, 118, 1, '2019-06-22 14:32:44', '2019-06-22 14:32:44'),
(98, '97', 'e10adc3949ba59abbe56e057f20f883e', 1409, 3, 5, 97, 1, '2019-06-22 14:32:44', '2019-06-22 14:32:44'),
(99, '50', 'e10adc3949ba59abbe56e057f20f883e', 1425, 3, 5, 50, 1, '2019-06-22 14:32:44', '2019-06-22 14:32:44'),
(100, '74', 'e10adc3949ba59abbe56e057f20f883e', 1437, 3, 5, 74, 1, '2019-06-22 14:32:45', '2019-06-22 14:32:45'),
(101, '93', 'e10adc3949ba59abbe56e057f20f883e', 1459, 3, 5, 93, 1, '2019-06-22 14:32:45', '2019-06-22 14:32:45'),
(102, '113', 'e10adc3949ba59abbe56e057f20f883e', 1466, 3, 5, 113, 1, '2019-06-22 14:32:45', '2019-06-22 14:32:45'),
(103, '123', 'e10adc3949ba59abbe56e057f20f883e', 1473, 3, 5, 123, 1, '2019-06-22 14:32:45', '2019-06-22 14:32:45'),
(104, '45', 'e10adc3949ba59abbe56e057f20f883e', 1482, 3, 5, 45, 1, '2019-06-22 14:32:45', '2019-06-22 14:32:45'),
(105, '107', 'e10adc3949ba59abbe56e057f20f883e', 1485, 3, 5, 107, 1, '2019-06-22 14:32:45', '2019-06-22 14:32:45'),
(106, '139', 'e10adc3949ba59abbe56e057f20f883e', 1486, 3, 5, 139, 1, '2019-06-22 14:32:45', '2019-06-22 14:32:45'),
(107, '24', 'e10adc3949ba59abbe56e057f20f883e', 1489, 3, 5, 24, 1, '2019-06-22 14:32:45', '2019-06-22 14:32:45'),
(108, '160', 'e10adc3949ba59abbe56e057f20f883e', 1546, 3, 5, 160, 1, '2019-06-22 14:32:45', '2019-06-22 14:32:45'),
(109, '68', 'e10adc3949ba59abbe56e057f20f883e', 1554, 3, 5, 68, 1, '2019-06-22 14:32:45', '2019-06-22 14:32:45'),
(110, '76', 'e10adc3949ba59abbe56e057f20f883e', 1572, 3, 5, 76, 1, '2019-06-22 14:32:46', '2019-06-22 14:32:46'),
(111, '144', 'e10adc3949ba59abbe56e057f20f883e', 1581, 3, 5, 144, 1, '2019-06-22 14:32:46', '2019-06-22 14:32:46'),
(112, '81', 'e10adc3949ba59abbe56e057f20f883e', 1658, 3, 5, 81, 1, '2019-06-22 14:32:46', '2019-06-22 14:32:46'),
(113, '132', 'e10adc3949ba59abbe56e057f20f883e', 1670, 3, 5, 132, 1, '2019-06-22 14:32:46', '2019-06-22 14:32:46'),
(114, '75', 'e10adc3949ba59abbe56e057f20f883e', 1703, 3, 5, 75, 1, '2019-06-22 14:32:46', '2019-06-22 14:32:46'),
(115, '86', 'e10adc3949ba59abbe56e057f20f883e', 1708, 3, 5, 86, 1, '2019-06-22 14:32:46', '2019-06-22 14:32:46'),
(116, '70', 'e10adc3949ba59abbe56e057f20f883e', 1724, 3, 5, 70, 1, '2019-06-22 14:32:46', '2019-06-22 14:32:46'),
(117, '82', 'e10adc3949ba59abbe56e057f20f883e', 1821, 3, 5, 82, 1, '2019-06-22 14:32:47', '2019-06-22 14:32:47'),
(118, '150', 'e10adc3949ba59abbe56e057f20f883e', 1864, 3, 5, 150, 1, '2019-06-22 14:32:47', '2019-06-22 14:32:47'),
(119, '124', 'e10adc3949ba59abbe56e057f20f883e', 1882, 3, 5, 124, 1, '2019-06-22 14:32:47', '2019-06-22 14:32:47'),
(120, '29', 'e10adc3949ba59abbe56e057f20f883e', 1886, 3, 5, 29, 1, '2019-06-22 14:32:47', '2019-06-22 14:32:47'),
(121, '71', 'e10adc3949ba59abbe56e057f20f883e', 2026, 3, 5, 71, 1, '2019-06-22 14:32:47', '2019-06-22 14:32:47'),
(122, '78', 'e10adc3949ba59abbe56e057f20f883e', 2043, 3, 5, 78, 1, '2019-06-22 14:32:48', '2019-06-22 14:32:48'),
(123, '142', 'e10adc3949ba59abbe56e057f20f883e', 2046, 3, 5, 142, 1, '2019-06-22 14:32:48', '2019-06-22 14:32:48'),
(124, '148', 'e10adc3949ba59abbe56e057f20f883e', 2077, 3, 5, 148, 1, '2019-06-22 14:32:48', '2019-06-22 14:32:48'),
(125, '33', 'e10adc3949ba59abbe56e057f20f883e', 2180, 3, 5, 33, 1, '2019-06-22 14:32:48', '2019-06-22 14:32:48'),
(126, '115', 'e10adc3949ba59abbe56e057f20f883e', 2233, 3, 5, 115, 1, '2019-06-22 14:32:49', '2019-06-22 14:32:49'),
(127, '141', 'e10adc3949ba59abbe56e057f20f883e', 2236, 3, 5, 141, 1, '2019-06-22 14:32:49', '2019-06-22 14:32:49'),
(128, '60', 'e10adc3949ba59abbe56e057f20f883e', 2302, 3, 5, 60, 1, '2019-06-22 14:32:49', '2019-06-22 14:32:49'),
(129, '56', 'e10adc3949ba59abbe56e057f20f883e', 2358, 3, 5, 56, 1, '2019-06-22 14:32:49', '2019-06-22 14:32:49'),
(130, '12', 'e10adc3949ba59abbe56e057f20f883e', 2403, 3, 5, 12, 1, '2019-06-22 14:32:49', '2019-06-22 14:32:49'),
(131, '146', 'e10adc3949ba59abbe56e057f20f883e', 2462, 3, 5, 146, 1, '2019-06-22 14:32:50', '2019-06-22 14:32:50'),
(132, '126', 'e10adc3949ba59abbe56e057f20f883e', 2463, 3, 5, 126, 1, '2019-06-22 14:32:50', '2019-06-22 14:32:50'),
(133, '4', 'e10adc3949ba59abbe56e057f20f883e', 2477, 3, 5, 4, 1, '2019-06-22 14:32:50', '2019-06-22 14:32:50'),
(134, '112', 'e10adc3949ba59abbe56e057f20f883e', 2486, 3, 5, 112, 1, '2019-06-22 14:32:50', '2019-06-22 14:32:50'),
(135, '31', 'e10adc3949ba59abbe56e057f20f883e', 2491, 3, 5, 31, 1, '2019-06-22 14:32:50', '2019-06-22 14:32:50'),
(136, '155', 'e10adc3949ba59abbe56e057f20f883e', 2492, 3, 5, 155, 1, '2019-06-22 14:32:50', '2019-06-22 14:32:50'),
(137, '49', 'e10adc3949ba59abbe56e057f20f883e', 2515, 3, 5, 49, 1, '2019-06-22 14:32:50', '2019-06-22 14:32:50'),
(138, '116', 'e10adc3949ba59abbe56e057f20f883e', 2644, 3, 5, 116, 1, '2019-06-22 14:32:51', '2019-06-22 14:32:51'),
(139, '40', 'e10adc3949ba59abbe56e057f20f883e', 2656, 3, 5, 40, 1, '2019-06-22 14:32:51', '2019-06-22 14:32:51'),
(140, '100', 'e10adc3949ba59abbe56e057f20f883e', 2681, 3, 5, 100, 1, '2019-06-22 14:32:52', '2019-06-22 14:32:52'),
(141, '64', 'e10adc3949ba59abbe56e057f20f883e', 2833, 3, 5, 64, 1, '2019-06-22 14:32:53', '2019-06-22 14:32:53'),
(142, '151', 'e10adc3949ba59abbe56e057f20f883e', 2847, 3, 5, 151, 1, '2019-06-22 14:32:53', '2019-06-22 14:32:53'),
(143, '53', 'e10adc3949ba59abbe56e057f20f883e', 2869, 3, 5, 53, 1, '2019-06-22 14:32:53', '2019-06-22 14:32:53'),
(144, '109', 'e10adc3949ba59abbe56e057f20f883e', 2870, 3, 5, 109, 1, '2019-06-22 14:32:53', '2019-06-22 14:32:53'),
(145, '83', 'e10adc3949ba59abbe56e057f20f883e', 2875, 3, 5, 83, 1, '2019-06-22 14:32:53', '2019-06-22 14:32:53'),
(146, '161', 'e10adc3949ba59abbe56e057f20f883e', 3386, 3, 5, 161, 1, '2019-06-22 14:32:56', '2019-06-22 14:32:56'),
(147, '159', 'e10adc3949ba59abbe56e057f20f883e', 3398, 3, 5, 159, 1, '2019-06-22 14:32:56', '2019-06-22 14:32:56'),
(148, '127', 'e10adc3949ba59abbe56e057f20f883e', 3431, 3, 5, 127, 1, '2019-06-22 14:32:56', '2019-06-22 14:32:56'),
(149, '125', 'e10adc3949ba59abbe56e057f20f883e', 3433, 3, 5, 125, 1, '2019-06-22 14:32:56', '2019-06-22 14:32:56'),
(150, '98', 'e10adc3949ba59abbe56e057f20f883e', 3460, 3, 5, 98, 1, '2019-06-22 14:32:56', '2019-06-22 14:32:56'),
(151, '149', 'e10adc3949ba59abbe56e057f20f883e', 3468, 3, 5, 149, 1, '2019-06-22 14:32:56', '2019-06-22 14:32:56'),
(152, '18', 'e10adc3949ba59abbe56e057f20f883e', 3672, 3, 5, 18, 1, '2019-06-22 14:32:57', '2019-06-22 14:32:57'),
(153, '104', 'e10adc3949ba59abbe56e057f20f883e', 3795, 3, 5, 104, 1, '2019-06-22 14:32:58', '2019-06-22 14:32:58'),
(154, '90', 'e10adc3949ba59abbe56e057f20f883e', 3884, 3, 5, 90, 1, '2019-06-22 14:32:59', '2019-06-22 14:32:59'),
(155, '22', 'e10adc3949ba59abbe56e057f20f883e', 3891, 3, 5, 22, 1, '2019-06-22 14:32:59', '2019-06-22 14:32:59'),
(156, '158', 'e10adc3949ba59abbe56e057f20f883e', 3958, 3, 5, 158, 1, '2019-06-22 14:33:00', '2019-06-22 14:33:00'),
(157, '156', 'e10adc3949ba59abbe56e057f20f883e', 3959, 3, 5, 156, 1, '2019-06-22 14:33:00', '2019-06-22 14:33:00'),
(158, '157', 'e10adc3949ba59abbe56e057f20f883e', 3960, 3, 5, 157, 1, '2019-06-22 14:33:00', '2019-06-22 14:33:00'),
(159, '73', 'e10adc3949ba59abbe56e057f20f883e', 4093, 3, 5, 73, 1, '2019-06-22 14:33:02', '2019-06-22 14:33:02'),
(160, '131', 'e10adc3949ba59abbe56e057f20f883e', 4101, 3, 5, 131, 1, '2019-06-22 14:33:02', '2019-06-22 14:33:02'),
(161, '52', 'e10adc3949ba59abbe56e057f20f883e', 4107, 3, 5, 52, 1, '2019-06-22 14:33:02', '2019-06-22 14:33:02'),
(162, '16', 'e10adc3949ba59abbe56e057f20f883e', 4112, 3, 5, 16, 1, '2019-06-22 14:33:02', '2019-06-22 14:33:02'),
(163, '128', 'e10adc3949ba59abbe56e057f20f883e', 4116, 3, 5, 128, 1, '2019-06-22 14:33:02', '2019-06-22 14:33:02'),
(164, 'pronab@gmail.com', 'e10adc3949ba59abbe56e057f20f883e', 2692, 1, 1, 9999, 1, '2019-06-22 14:40:29', '2019-06-22 14:40:29');

-- --------------------------------------------------------

--
-- Table structure for table `tbl_user_permissions`
--

CREATE TABLE `tbl_user_permissions` (
  `id` int(11) NOT NULL,
  `user_role_id` int(11) NOT NULL,
  `nav_id` int(11) NOT NULL,
  `permission` varchar(250) NOT NULL,
  `status` tinyint(4) NOT NULL DEFAULT 1,
  `updated_at` timestamp NOT NULL DEFAULT current_timestamp()
) ENGINE=InnoDB DEFAULT CHARSET=utf8;

--
-- Dumping data for table `tbl_user_permissions`
--

INSERT INTO `tbl_user_permissions` (`id`, `user_role_id`, `nav_id`, `permission`, `status`, `updated_at`) VALUES
(38, 4, 32, '1', 1, '2017-12-03 09:34:29'),
(40, 4, 32, '1', 1, '2017-12-03 09:34:29'),
(42, 4, 33, '1', 1, '2017-12-03 09:34:51'),
(44, 4, 33, '1', 1, '2017-12-03 09:34:51'),
(46, 4, 34, '1', 1, '2017-12-04 04:40:11'),
(48, 4, 34, '1', 1, '2017-12-04 04:40:11'),
(148, 12, 38, '1', 1, '2017-12-27 08:21:13'),
(149, 12, 39, '1', 1, '2017-12-27 08:21:21'),
(150, 12, 40, '1', 1, '2017-12-27 08:21:30'),
(151, 12, 41, '1', 1, '2017-12-27 08:21:42'),
(152, 12, 44, '1', 1, '2017-12-27 09:37:16'),
(182, 4, 47, '1', 1, '2017-12-31 08:07:28'),
(541, 4, 60, '1', 1, '2018-03-19 10:42:39'),
(593, 4, 61, '1', 1, '2018-03-25 08:57:43'),
(1090, 4, 85, '1', 1, '2018-10-10 03:17:51'),
(1198, 4, 92, '1', 1, '2018-10-31 04:44:25'),
(1205, 13, 92, '1', 1, '2018-12-12 07:06:13'),
(1206, 13, 93, '1', 1, '2018-12-12 07:06:26'),
(1207, 13, 97, '1', 1, '2018-12-23 06:55:02'),
(1208, 14, 42, '1', 1, '2019-02-03 07:50:08'),
(1209, 14, 43, '1', 1, '2019-02-03 07:50:22'),
(1213, 4, 1, '1', 1, '2019-02-05 05:07:53'),
(1216, 4, 10, '1', 1, '2019-02-05 05:08:18'),
(1257, 5, 1, '1', 1, '2019-02-05 05:18:16'),
(1258, 5, 4, '1', 1, '2019-02-05 05:18:16'),
(1259, 5, 11, '1', 1, '2019-02-05 05:18:16'),
(1260, 5, 12, '1', 1, '2019-02-05 05:18:16'),
(1261, 5, 13, '1', 1, '2019-02-05 05:18:16'),
(1262, 5, 14, '1', 1, '2019-02-05 05:18:16'),
(1263, 5, 15, '1', 1, '2019-02-05 05:18:16'),
(1264, 5, 16, '1', 1, '2019-02-05 05:18:16'),
(1265, 5, 17, '1', 1, '2019-02-05 05:18:16'),
(1266, 5, 18, '1', 1, '2019-02-05 05:18:16'),
(1267, 5, 19, '1', 1, '2019-02-05 05:18:16'),
(1268, 5, 22, '1', 1, '2019-02-05 05:18:16'),
(1269, 5, 30, '1', 1, '2019-02-05 05:18:16'),
(1270, 5, 31, '1', 1, '2019-02-05 05:18:16'),
(1275, 6, 98, '1', 1, '2019-02-05 09:22:52'),
(1894, 11, 66, '1', 1, '2019-02-19 10:28:25'),
(1895, 11, 67, '1', 1, '2019-02-19 10:28:36'),
(1896, 11, 68, '1', 1, '2019-02-19 10:28:45'),
(1897, 11, 73, '1', 1, '2019-02-19 10:29:08'),
(1906, 17, 104, '1', 1, '2019-02-20 04:54:19'),
(1907, 17, 40, '1', 1, '2019-02-20 04:54:35'),
(1912, 17, 73, '1', 1, '2019-02-20 08:14:33'),
(1925, 8, 85, '1', 1, '2019-02-23 10:26:42'),
(1926, 9, 85, '1', 1, '2019-02-23 10:26:42'),
(1927, 10, 85, '1', 1, '2019-02-23 10:26:42'),
(1931, 17, 105, '1', 1, '2019-02-23 10:28:35'),
(1935, 17, 106, '1', 1, '2019-02-26 10:22:16'),
(1952, 18, 30, '1', 1, '2019-03-11 06:19:17'),
(1953, 18, 66, '1', 1, '2019-03-11 06:19:31'),
(1954, 18, 67, '1', 1, '2019-03-11 06:19:50'),
(1955, 18, 73, '1', 1, '2019-03-11 06:20:04'),
(1983, 17, 110, '1', 1, '2019-04-16 11:07:28'),
(1984, 17, 111, '1', 1, '2019-04-16 11:07:31'),
(1985, 17, 112, '1', 1, '2019-04-16 11:07:35'),
(1990, 17, 114, '1', 1, '2019-04-24 09:20:10'),
(2509, 20, 66, '1', 1, '2019-05-30 04:36:44'),
(2510, 20, 67, '1', 1, '2019-05-30 04:36:44'),
(2511, 20, 68, '1', 1, '2019-05-30 04:36:44'),
(2512, 20, 73, '1', 1, '2019-05-30 04:36:44'),
(2513, 20, 118, '1', 1, '2019-05-30 04:36:44'),
(2514, 20, 117, '1', 1, '2019-05-30 04:36:44'),
(2515, 20, 98, '1', 1, '2019-05-30 04:36:44'),
(2520, 11, 43, '1', 1, '2019-07-01 03:43:51'),
(2521, 11, 42, '1', 1, '2019-07-01 03:45:58'),
(2635, 17, 6, '1', 1, '2019-07-07 09:05:39'),
(2899, 21, 98, '1', 1, '2019-07-14 05:18:15'),
(2902, 21, 1, '1', 1, '2019-07-14 05:18:38'),
(2903, 21, 66, '1', 1, '2019-07-14 05:20:24'),
(2904, 21, 67, '1', 1, '2019-07-14 05:20:37'),
(2905, 21, 68, '1', 1, '2019-07-14 05:20:46'),
(2906, 21, 73, '1', 1, '2019-07-14 05:20:57'),
(2907, 21, 117, '1', 1, '2019-07-14 05:21:12'),
(2908, 21, 118, '1', 1, '2019-07-14 05:21:18'),
(2909, 21, 122, '1', 1, '2019-07-14 05:27:32'),
(2910, 17, 123, '1', 1, '2019-07-14 08:55:52'),
(2913, 12, 124, '1', 1, '2019-07-23 08:49:56'),
(3032, 17, 97, '1', 1, '2019-07-25 05:30:52'),
(3033, 17, 92, '1', 1, '2019-07-25 05:36:02'),
(3034, 17, 93, '1', 1, '2019-07-25 05:36:23'),
(3042, 15, 4, '1,2,3', 1, '2019-07-29 05:46:11'),
(3043, 15, 31, '1,2,3', 1, '2019-07-29 05:46:11'),
(3044, 15, 30, '1,2,3', 1, '2019-07-29 05:46:11'),
(3045, 15, 5, '1,2,3', 1, '2019-07-29 05:46:11'),
(3046, 15, 85, '1,2,3', 1, '2019-07-29 05:46:11'),
(3047, 15, 34, '1,2,3', 1, '2019-07-29 05:46:11'),
(3048, 15, 66, '1', 1, '2019-07-29 05:46:11'),
(3049, 15, 67, '1', 1, '2019-07-29 05:46:11'),
(3050, 15, 68, '1', 1, '2019-07-29 05:46:11'),
(3051, 15, 73, '1', 1, '2019-07-29 05:46:11'),
(3052, 15, 42, '1', 1, '2019-07-29 05:46:11'),
(3053, 15, 43, '1', 1, '2019-07-29 05:46:11'),
(3054, 15, 14, '1', 1, '2019-07-29 05:46:11'),
(3055, 15, 19, '1,2,3', 1, '2019-07-29 05:46:11'),
(3056, 15, 6, '1', 1, '2019-07-29 05:46:11'),
(3057, 15, 92, '1', 1, '2019-07-29 05:46:11'),
(3058, 15, 93, '1', 1, '2019-07-29 05:46:11'),
(3059, 15, 122, '1,2,3', 1, '2019-07-29 05:46:11'),
(3062, 1, 30, '1,2,3', 1, '2019-08-18 05:10:39'),
(3063, 1, 31, '1,2', 1, '2019-08-18 05:10:39'),
(3064, 1, 5, '1,2,3', 1, '2019-08-18 05:10:39'),
(3065, 1, 10, '1,2,3', 1, '2019-08-18 05:10:39'),
(3066, 1, 11, '1,2,3', 1, '2019-08-18 05:10:39'),
(3067, 1, 12, '1,2,3', 1, '2019-08-18 05:10:39'),
(3068, 1, 14, '1,2,3', 1, '2019-08-18 05:10:39'),
(3069, 1, 32, '1,2,3', 1, '2019-08-18 05:10:39'),
(3070, 1, 33, '1,2,3', 1, '2019-08-18 05:10:39'),
(3071, 1, 34, '1,2,3', 1, '2019-08-18 05:10:39'),
(3072, 1, 35, '1,2', 1, '2019-08-18 05:10:39'),
(3073, 1, 4, '1,2,3', 1, '2019-08-18 05:10:39'),
(3074, 1, 15, '1,2,3', 1, '2019-08-18 05:10:39'),
(3075, 1, 20, '1,2,3', 1, '2019-08-18 05:10:39'),
(3076, 1, 36, '1,2,3', 1, '2019-08-18 05:10:39'),
(3077, 1, 37, '1,2,3', 1, '2019-08-18 05:10:39'),
(3078, 1, 13, '1,2,3', 1, '2019-08-18 05:10:39'),
(3079, 1, 38, '1,2,3', 1, '2019-08-18 05:10:39'),
(3080, 1, 39, '1,2,3', 1, '2019-08-18 05:10:39'),
(3081, 1, 40, '1,2,3', 1, '2019-08-18 05:10:39'),
(3082, 1, 41, '1,2,3', 1, '2019-08-18 05:10:39'),
(3083, 1, 42, '1,2,3', 1, '2019-08-18 05:10:39'),
(3084, 1, 43, '1,2,3', 1, '2019-08-18 05:10:39'),
(3085, 1, 44, '1,2,3', 1, '2019-08-18 05:10:39'),
(3086, 1, 45, '1,2,3', 1, '2019-08-18 05:10:39'),
(3087, 1, 46, '1,2,3', 1, '2019-08-18 05:10:39'),
(3088, 1, 17, '1,2,3', 1, '2019-08-18 05:10:40'),
(3089, 1, 47, '1,2,3', 1, '2019-08-18 05:10:40'),
(3090, 1, 48, '1,2,3', 1, '2019-08-18 05:10:40'),
(3091, 1, 49, '1,2,3', 1, '2019-08-18 05:10:40'),
(3092, 1, 50, '1,2,3', 1, '2019-08-18 05:10:40'),
(3093, 1, 51, '1,2,3', 1, '2019-08-18 05:10:40'),
(3094, 1, 52, '1,2,3', 1, '2019-08-18 05:10:40'),
(3095, 1, 26, '1,2,3', 1, '2019-08-18 05:10:40'),
(3096, 1, 27, '1,2,3', 1, '2019-08-18 05:10:40'),
(3097, 1, 28, '1,2,3', 1, '2019-08-18 05:10:40'),
(3098, 1, 29, '1,2,3', 1, '2019-08-18 05:10:40'),
(3099, 1, 9, '1', 1, '2019-08-18 05:10:40'),
(3100, 1, 16, '1', 1, '2019-08-18 05:10:40'),
(3101, 1, 53, '1', 1, '2019-08-18 05:10:40'),
(3102, 1, 24, '1', 1, '2019-08-18 05:10:40'),
(3103, 1, 54, '1', 1, '2019-08-18 05:10:40'),
(3104, 1, 55, '1', 1, '2019-08-18 05:10:40'),
(3105, 1, 56, '1', 1, '2019-08-18 05:10:40'),
(3106, 1, 57, '1', 1, '2019-08-18 05:10:40'),
(3107, 1, 58, '1', 1, '2019-08-18 05:10:40'),
(3108, 1, 59, '1', 1, '2019-08-18 05:10:40'),
(3109, 1, 60, '1,2,3,4', 1, '2019-08-18 05:10:40'),
(3110, 1, 61, '1,2,3', 1, '2019-08-18 05:10:40'),
(3111, 1, 62, '1,2,3', 1, '2019-08-18 05:10:40'),
(3112, 1, 63, '1', 1, '2019-08-18 05:10:40'),
(3113, 1, 64, '1', 1, '2019-08-18 05:10:40'),
(3114, 1, 65, '1', 1, '2019-08-18 05:10:40'),
(3115, 1, 66, '1,2,3', 1, '2019-08-18 05:10:40'),
(3116, 1, 67, '1', 1, '2019-08-18 05:10:40'),
(3117, 1, 68, '1', 1, '2019-08-18 05:10:40'),
(3118, 1, 69, '1', 1, '2019-08-18 05:10:40'),
(3119, 1, 70, '1', 1, '2019-08-18 05:10:40'),
(3120, 1, 71, '1', 1, '2019-08-18 05:10:40'),
(3121, 1, 72, '1', 1, '2019-08-18 05:10:40'),
(3122, 1, 73, '1', 1, '2019-08-18 05:10:40'),
(3123, 1, 74, '1', 1, '2019-08-18 05:10:40'),
(3124, 1, 22, '1', 1, '2019-08-18 05:10:40'),
(3125, 1, 18, '1', 1, '2019-08-18 05:10:40'),
(3126, 1, 19, '1', 1, '2019-08-18 05:10:40'),
(3127, 1, 75, '1,2,3', 1, '2019-08-18 05:10:40'),
(3128, 1, 76, '1', 1, '2019-08-18 05:10:40'),
(3129, 1, 77, '1', 1, '2019-08-18 05:10:40'),
(3130, 1, 78, '1', 1, '2019-08-18 05:10:40'),
(3131, 1, 79, '1', 1, '2019-08-18 05:10:40'),
(3132, 1, 80, '1', 1, '2019-08-18 05:10:40'),
(3133, 1, 81, '1', 1, '2019-08-18 05:10:40'),
(3134, 1, 82, '1', 1, '2019-08-18 05:10:40'),
(3135, 1, 83, '1', 1, '2019-08-18 05:10:40'),
(3136, 1, 84, '1', 1, '2019-08-18 05:10:40'),
(3137, 1, 85, '1', 1, '2019-08-18 05:10:40'),
(3138, 1, 86, '1', 1, '2019-08-18 05:10:40'),
(3139, 1, 87, '1', 1, '2019-08-18 05:10:40'),
(3140, 1, 88, '1', 1, '2019-08-18 05:10:40'),
(3141, 1, 89, '1', 1, '2019-08-18 05:10:40'),
(3142, 1, 90, '1', 1, '2019-08-18 05:10:40'),
(3143, 1, 91, '1', 1, '2019-08-18 05:10:40'),
(3144, 1, 92, '1', 1, '2019-08-18 05:10:40'),
(3145, 1, 93, '1', 1, '2019-08-18 05:10:40'),
(3146, 1, 94, '1,2,3', 1, '2019-08-18 05:10:40'),
(3147, 1, 95, '1', 1, '2019-08-18 05:10:40'),
(3148, 1, 96, '1', 1, '2019-08-18 05:10:40'),
(3149, 1, 1, '1', 1, '2019-08-18 05:10:40'),
(3150, 1, 98, '1,2,3', 1, '2019-08-18 05:10:40'),
(3151, 1, 100, '1,2,3', 1, '2019-08-18 05:10:40'),
(3152, 1, 101, '1', 1, '2019-08-18 05:10:40'),
(3153, 1, 102, '1', 1, '2019-08-18 05:10:40'),
(3154, 1, 103, '1,2,3', 1, '2019-08-18 05:10:40'),
(3155, 1, 104, '1', 1, '2019-08-18 05:10:40'),
(3156, 1, 105, '1', 1, '2019-08-18 05:10:40'),
(3157, 1, 106, '1', 1, '2019-08-18 05:10:40'),
(3158, 1, 107, '1', 1, '2019-08-18 05:10:40'),
(3159, 1, 108, '1', 1, '2019-08-18 05:10:40'),
(3160, 1, 109, '1', 1, '2019-08-18 05:10:40'),
(3161, 1, 110, '1', 1, '2019-08-18 05:10:40'),
(3162, 1, 111, '1', 1, '2019-08-18 05:10:40'),
(3163, 1, 112, '1', 1, '2019-08-18 05:10:40'),
(3164, 1, 113, '1', 1, '2019-08-18 05:10:40'),
(3165, 1, 114, '1', 1, '2019-08-18 05:10:40'),
(3166, 1, 115, '1', 1, '2019-08-18 05:10:40'),
(3167, 1, 116, '1', 1, '2019-08-18 05:10:40'),
(3168, 1, 117, '1,2,3,4', 1, '2019-08-18 05:10:40'),
(3169, 1, 118, '1,2,3,4', 1, '2019-08-18 05:10:40'),
(3170, 1, 119, '1', 1, '2019-08-18 05:10:40'),
(3171, 1, 120, '1', 1, '2019-08-18 05:10:40'),
(3172, 1, 121, '1', 1, '2019-08-18 05:10:40'),
(3173, 1, 6, '1', 1, '2019-08-18 05:10:40'),
(3174, 1, 97, '1', 1, '2019-08-18 05:10:40'),
(3175, 1, 122, '1,2,3,4', 1, '2019-08-18 05:10:40'),
(3176, 1, 123, '1', 1, '2019-08-18 05:10:40'),
(3177, 1, 124, '1', 1, '2019-08-18 05:10:40'),
(3178, 1, 125, '1', 1, '2019-08-18 05:10:40'),
(3179, 1, 126, '1,2,3,4', 1, '2019-08-18 05:10:40'),
(3180, 1, 127, '1,2,3,4', 1, '2019-08-18 05:10:40'),
(3181, 1, 128, '1', 1, '2019-08-18 06:25:04'),
(3182, 1, 129, '1', 1, '2019-08-20 05:58:17'),
(3190, 1, 130, '1', 1, '2019-08-31 04:45:24'),
(3216, 1, 131, '1', 1, '2019-09-17 05:07:30'),
(3220, 22, 131, '1,2,3,4', 1, '2019-09-17 05:08:19'),
(3221, 22, 38, '1', 1, '2019-09-17 06:01:55'),
(3222, 22, 129, '1', 1, '2019-09-17 06:14:15'),
(3223, 22, 97, '1', 1, '2019-09-17 08:36:12'),
(3224, 22, 93, '1', 1, '2019-09-17 08:38:14'),
(3225, 1, 132, '1', 1, '2019-09-23 04:14:20'),
(3226, 23, 97, '1', 1, '2019-09-23 05:00:38'),
(3227, 23, 38, '1', 1, '2019-09-28 10:41:36'),
(3228, 23, 129, '1', 1, '2019-09-28 10:42:05'),
(3229, 1, 133, '1', 1, '2019-09-29 04:37:19'),
(3232, 1, 134, '1', 1, '2019-10-12 05:50:27'),
(3235, 12, 135, '1', 1, '2019-10-12 06:21:05'),
(3236, 1, 136, '1', 1, '2019-10-16 04:43:29'),
(3239, 1, 137, '1', 1, '2019-10-20 07:05:40'),
(3240, 22, 137, '1', 1, '2019-10-20 07:09:14'),
(3241, 23, 137, '1', 1, '2019-10-20 07:09:14'),
(3244, 1, 138, '1', 1, '2019-10-24 06:36:06'),
(3247, 1, 139, '1', 1, '2019-10-26 06:01:17'),
(3251, 1, 140, '1', 1, '2019-10-30 10:15:39'),
(3255, 22, 73, '1', 1, '2019-11-02 05:10:08'),
(3256, 23, 73, '1', 1, '2019-11-02 05:10:08'),
(3257, 1, 141, '1', 1, '2019-11-02 09:12:41'),
(3258, 23, 141, '1', 1, '2019-11-02 09:12:41'),
(3259, 23, 124, '1', 1, '2019-11-03 06:16:10'),
(3260, 23, 67, '1', 1, '2019-11-04 05:26:23'),
(3261, 22, 68, '1', 1, '2019-11-05 06:41:28'),
(3262, 12, 128, '1', 1, '2019-11-27 09:09:39'),
(3263, 12, 63, '1', 1, '2019-11-27 09:12:39'),
(3287, 1, 142, '1', 1, '2019-12-02 04:55:21'),
(3312, 1, 143, '1', 1, '2019-12-08 09:28:18'),
(3315, 7, 4, '1', 1, '2019-12-15 05:24:01'),
(3316, 7, 98, '1,2,3', 1, '2019-12-15 05:24:01'),
(3317, 7, 73, '1', 1, '2019-12-15 05:24:01'),
(3318, 7, 66, '1', 1, '2019-12-15 05:24:01'),
(3319, 7, 103, '1,2,3', 1, '2019-12-15 05:24:01'),
(3320, 7, 107, '1', 1, '2019-12-15 05:24:01'),
(3321, 7, 108, '1', 1, '2019-12-15 05:24:01'),
(3322, 7, 109, '1', 1, '2019-12-15 05:24:01'),
(3323, 7, 110, '1', 1, '2019-12-15 05:24:01'),
(3324, 7, 113, '1', 1, '2019-12-15 05:24:01'),
(3325, 7, 111, '1', 1, '2019-12-15 05:24:01'),
(3326, 7, 112, '1', 1, '2019-12-15 05:24:01'),
(3327, 7, 63, '1', 1, '2019-12-15 05:24:01'),
(3328, 7, 105, '1', 1, '2019-12-15 05:24:01'),
(3329, 7, 43, '1', 1, '2019-12-15 05:24:01'),
(3330, 7, 106, '1', 1, '2019-12-15 05:24:01'),
(3331, 7, 114, '1', 1, '2019-12-15 05:24:01'),
(3332, 7, 122, '1,2,3', 1, '2019-12-15 05:24:01'),
(3333, 7, 1, '1', 1, '2019-12-15 05:24:01'),
(3334, 7, 92, '1', 1, '2019-12-15 05:24:01'),
(3335, 7, 93, '1', 1, '2019-12-15 05:24:01'),
(3336, 7, 49, '1', 1, '2019-12-15 05:24:01'),
(3337, 7, 130, '1', 1, '2019-12-15 05:24:01'),
(3338, 7, 40, '1', 1, '2019-12-15 05:24:01'),
(3339, 7, 140, '1', 1, '2019-12-15 05:24:01'),
(3340, 7, 30, '1,2,3', 1, '2019-12-15 05:24:01'),
(3341, 7, 88, '1', 1, '2019-12-17 08:18:55'),
(3342, 7, 67, '1', 1, '2019-12-17 08:19:19'),
(3343, 23, 138, '1', 1, '2019-12-24 09:08:07'),
(3344, 22, 138, '1', 1, '2019-12-28 06:53:33'),
(3345, 1, 144, '1', 1, '2020-01-02 06:31:16'),
(3346, 22, 144, '1', 1, '2020-01-02 06:31:16'),
(3347, 1, 145, '1', 1, '2020-01-07 03:51:53'),
(3350, 17, 144, '1', 1, '2020-01-20 09:17:12'),
(3351, 1, 146, '1', 1, '2020-02-05 06:36:10'),
(3352, 22, 146, '1', 1, '2020-02-05 06:36:10'),
(3353, 23, 146, '1', 1, '2020-02-05 06:36:10'),
(3355, 1, 147, '1', 1, '2020-02-05 06:42:12'),
(3357, 22, 147, '1', 1, '2020-02-05 06:42:12'),
(3358, 23, 147, '1', 1, '2020-02-05 06:42:12'),
(3359, 1, 148, '1', 1, '2020-02-05 06:42:49'),
(3361, 22, 148, '1', 1, '2020-02-05 06:42:49'),
(3362, 23, 148, '1', 1, '2020-02-05 06:42:49'),
(3363, 1, 149, '1', 1, '2020-02-11 03:46:24'),
(3366, 7, 149, '1', 1, '2020-02-12 03:25:50'),
(3367, 1, 150, '1', 1, '2020-02-12 03:51:49'),
(3370, 1, 151, '1', 1, '2020-02-13 06:13:14'),
(3373, 1, 152, '1', 1, '2020-02-17 06:34:13'),
(3376, 7, 152, '1', 1, '2020-02-17 06:34:13'),
(3377, 1, 153, '1', 1, '2020-02-24 08:21:09'),
(3379, 22, 105, '1', 1, '2020-03-02 06:13:31'),
(3383, 1, 154, '1', 1, '2020-03-08 09:01:29'),
(3386, 7, 42, '1', 1, '2020-03-15 06:05:17'),
(3388, 19, 110, '1', 1, '2020-03-18 03:54:15'),
(3389, 19, 111, '1', 1, '2020-03-18 03:54:15'),
(3390, 19, 112, '1', 1, '2020-03-18 03:54:15'),
(3391, 19, 73, '1', 1, '2020-03-18 03:54:15'),
(3392, 19, 63, '1', 1, '2020-03-18 03:54:15'),
(3393, 19, 105, '1', 1, '2020-03-18 03:54:15'),
(3394, 19, 43, '1', 1, '2020-03-18 03:54:15'),
(3395, 19, 97, '1', 1, '2020-03-18 03:54:15'),
(3396, 19, 92, '1', 1, '2020-03-18 03:54:15'),
(3397, 19, 93, '1', 1, '2020-03-18 03:54:15'),
(3398, 19, 66, '1', 1, '2020-03-18 03:54:15'),
(3399, 19, 68, '1', 1, '2020-03-18 03:54:15'),
(3400, 19, 67, '1', 1, '2020-03-18 03:54:15'),
(3401, 19, 122, '1,2,3', 1, '2020-03-18 03:54:15'),
(3402, 19, 1, '1', 1, '2020-03-18 03:54:15'),
(3403, 19, 98, '1', 1, '2020-03-18 03:54:15'),
(3404, 19, 103, '1', 1, '2020-03-18 03:54:15'),
(3405, 19, 107, '1', 1, '2020-03-18 03:54:15'),
(3406, 19, 108, '1', 1, '2020-03-18 03:54:15'),
(3407, 19, 109, '1', 1, '2020-03-18 03:54:15'),
(3408, 19, 130, '1', 1, '2020-03-18 03:54:15'),
(3409, 19, 14, '1,2,3', 1, '2020-03-18 03:54:15'),
(3410, 19, 138, '1', 1, '2020-03-18 03:54:15'),
(3411, 19, 42, '1,2', 1, '2020-03-18 03:54:15'),
(3412, 15, 109, '1', 1, '2020-03-19 03:27:38'),
(3413, 15, 108, '1', 1, '2020-03-19 03:27:41'),
(3414, 15, 107, '1', 1, '2020-03-19 03:27:44'),
(3415, 15, 103, '1', 1, '2020-03-19 03:27:48'),
(3416, 15, 98, '1', 1, '2020-03-19 03:27:55'),
(3417, 1, 155, '1', 1, '2020-03-24 05:09:04'),
(3422, 1, 156, '1', 1, '2020-05-31 06:37:45'),
(3426, 1, 157, '1', 1, '2020-06-04 16:56:13'),
(3427, 22, 157, '1', 1, '2020-06-04 16:56:13'),
(3428, 23, 157, '1', 1, '2020-06-04 16:56:13'),
(3429, 1, 158, '1', 1, '2020-06-07 03:19:04'),
(3431, 1, 25, '1', 1, '2020-06-09 05:54:06'),
(3432, 17, 43, '1', 1, '2020-06-10 09:30:33'),
(3433, 17, 42, '1', 1, '2020-06-14 04:47:49'),
(3434, 24, 157, '1', 1, '2020-06-29 08:27:23'),
(3435, 1, 159, '1', 1, '2020-07-01 11:12:36'),
(3437, 22, 159, '1', 1, '2020-07-01 11:12:36'),
(3438, 23, 159, '1', 1, '2020-07-01 11:12:36'),
(3571, 1, 160, '1', 1, '2020-07-05 16:20:23'),
(3572, 1, 161, '1', 1, '2020-07-07 03:53:21'),
(3574, 23, 161, '1', 1, '2020-07-07 05:30:57'),
(3576, 17, 160, '1', 1, '2020-07-08 04:42:54'),
(3577, 1, 162, '1', 1, '2020-07-08 06:14:20'),
(3579, 1, 163, '1', 1, '2020-07-09 04:15:14'),
(3582, 22, 163, '1', 1, '2020-07-09 04:15:14'),
(3583, 23, 163, '1', 1, '2020-07-09 04:15:14'),
(3584, 15, 130, '1', 1, '2020-07-09 05:31:01'),
(3585, 15, 105, '1', 1, '2020-07-09 05:35:27'),
(3586, 15, 40, '1', 1, '2020-07-09 05:35:40'),
(3587, 15, 88, '1', 1, '2020-07-09 05:36:09'),
(3588, 15, 146, '1', 1, '2020-07-09 05:38:28'),
(3589, 15, 147, '1', 1, '2020-07-09 05:38:46'),
(3590, 15, 148, '1', 1, '2020-07-09 05:40:28'),
(3591, 15, 159, '1', 1, '2020-07-09 05:40:43'),
(3592, 1, 164, '1', 1, '2020-07-12 03:38:59'),
(3593, 23, 164, '1', 1, '2020-07-12 04:27:53'),
(3595, 25, 104, '1', 1, '2020-07-15 06:35:54'),
(3596, 1, 165, '1', 1, '2020-07-22 09:37:22'),
(3599, 7, 147, '1', 1, '2020-07-25 06:35:26'),
(3600, 14, 147, '1', 1, '2020-07-25 06:35:26'),
(3601, 17, 147, '1', 1, '2020-07-25 06:35:26'),
(3602, 7, 148, '1', 1, '2020-07-25 06:37:50'),
(3603, 14, 148, '1', 1, '2020-07-25 06:37:50'),
(3604, 17, 148, '1', 1, '2020-07-25 06:37:50'),
(3605, 7, 159, '1', 1, '2020-07-25 06:38:53'),
(3606, 14, 159, '1', 1, '2020-07-25 06:38:53'),
(3607, 17, 159, '1', 1, '2020-07-25 06:38:53'),
(3608, 7, 146, '1', 1, '2020-07-25 06:39:30'),
(3609, 14, 146, '1', 1, '2020-07-25 06:39:30'),
(3610, 17, 146, '1', 1, '2020-07-25 06:39:30'),
(3611, 7, 163, '1', 1, '2020-07-25 06:40:09'),
(3612, 14, 163, '1', 1, '2020-07-25 06:40:09'),
(3613, 17, 163, '1', 1, '2020-07-25 06:40:09'),
(3614, 19, 147, '1', 1, '2020-07-25 06:42:28'),
(3615, 19, 148, '1', 1, '2020-07-25 06:42:50'),
(3616, 19, 159, '1', 1, '2020-07-25 06:43:08'),
(3617, 19, 146, '1', 1, '2020-07-25 06:43:47'),
(3618, 19, 163, '1', 1, '2020-07-25 06:44:08'),
(3619, 2, 35, '1', 1, '2020-07-27 10:35:13'),
(3620, 2, 36, '1', 1, '2020-07-27 10:35:13'),
(3621, 2, 37, '1', 1, '2020-07-27 10:35:13'),
(3622, 2, 38, '1', 1, '2020-07-27 10:35:13'),
(3623, 2, 39, '1', 1, '2020-07-27 10:35:13'),
(3624, 2, 40, '1', 1, '2020-07-27 10:35:13'),
(3625, 2, 41, '1', 1, '2020-07-27 10:35:13'),
(3626, 2, 42, '1', 1, '2020-07-27 10:35:13'),
(3627, 2, 43, '1', 1, '2020-07-27 10:35:13'),
(3628, 2, 44, '1', 1, '2020-07-27 10:35:13'),
(3629, 2, 45, '1', 1, '2020-07-27 10:35:13'),
(3630, 2, 46, '1', 1, '2020-07-27 10:35:13'),
(3631, 2, 48, '1', 1, '2020-07-27 10:35:13'),
(3632, 2, 49, '1', 1, '2020-07-27 10:35:13'),
(3633, 2, 50, '1', 1, '2020-07-27 10:35:13'),
(3634, 2, 51, '1', 1, '2020-07-27 10:35:13'),
(3635, 2, 52, '1', 1, '2020-07-27 10:35:13'),
(3636, 2, 30, '1', 1, '2020-07-27 10:35:13'),
(3637, 2, 53, '1', 1, '2020-07-27 10:35:13'),
(3638, 2, 54, '1', 1, '2020-07-27 10:35:13'),
(3639, 2, 55, '1', 1, '2020-07-27 10:35:13'),
(3640, 2, 56, '1', 1, '2020-07-27 10:35:13'),
(3641, 2, 57, '1', 1, '2020-07-27 10:35:13'),
(3642, 2, 58, '1', 1, '2020-07-27 10:35:13'),
(3643, 2, 59, '1', 1, '2020-07-27 10:35:13'),
(3644, 2, 60, '1', 1, '2020-07-27 10:35:13'),
(3645, 2, 61, '1', 1, '2020-07-27 10:35:13'),
(3646, 2, 62, '1', 1, '2020-07-27 10:35:13'),
(3647, 2, 63, '1', 1, '2020-07-27 10:35:13'),
(3648, 2, 64, '1', 1, '2020-07-27 10:35:13'),
(3649, 2, 65, '1', 1, '2020-07-27 10:35:13'),
(3650, 2, 66, '1', 1, '2020-07-27 10:35:13'),
(3651, 2, 67, '1', 1, '2020-07-27 10:35:13'),
(3652, 2, 68, '1', 1, '2020-07-27 10:35:13'),
(3653, 2, 69, '1', 1, '2020-07-27 10:35:13'),
(3654, 2, 70, '1', 1, '2020-07-27 10:35:13'),
(3655, 2, 71, '1', 1, '2020-07-27 10:35:13'),
(3656, 2, 72, '1', 1, '2020-07-27 10:35:13'),
(3657, 2, 73, '1', 1, '2020-07-27 10:35:13'),
(3658, 2, 74, '1', 1, '2020-07-27 10:35:13'),
(3659, 2, 4, '1', 1, '2020-07-27 10:35:13'),
(3660, 2, 5, '1', 1, '2020-07-27 10:35:13'),
(3661, 2, 10, '1', 1, '2020-07-27 10:35:13'),
(3662, 2, 11, '1', 1, '2020-07-27 10:35:13'),
(3663, 2, 12, '1', 1, '2020-07-27 10:35:13'),
(3664, 2, 22, '1', 1, '2020-07-27 10:35:13'),
(3665, 2, 13, '1', 1, '2020-07-27 10:35:13'),
(3666, 2, 14, '1', 1, '2020-07-27 10:35:13'),
(3667, 2, 17, '1', 1, '2020-07-27 10:35:13'),
(3668, 2, 18, '1', 1, '2020-07-27 10:35:13'),
(3669, 2, 19, '1', 1, '2020-07-27 10:35:13'),
(3670, 2, 34, '1', 1, '2020-07-27 10:35:13'),
(3671, 2, 47, '1', 1, '2020-07-27 10:35:13'),
(3672, 2, 31, '1', 1, '2020-07-27 10:35:13'),
(3673, 2, 76, '1', 1, '2020-07-27 10:35:13'),
(3674, 2, 77, '1', 1, '2020-07-27 10:35:13'),
(3675, 2, 78, '1', 1, '2020-07-27 10:35:13'),
(3676, 2, 79, '1', 1, '2020-07-27 10:35:13'),
(3677, 2, 80, '1', 1, '2020-07-27 10:35:13'),
(3678, 2, 81, '1', 1, '2020-07-27 10:35:13'),
(3679, 2, 82, '1', 1, '2020-07-27 10:35:13'),
(3680, 2, 83, '1', 1, '2020-07-27 10:35:13'),
(3681, 2, 84, '1', 1, '2020-07-27 10:35:13'),
(3682, 2, 85, '1', 1, '2020-07-27 10:35:13'),
(3683, 2, 86, '1', 1, '2020-07-27 10:35:13'),
(3684, 2, 87, '1', 1, '2020-07-27 10:35:13'),
(3685, 2, 88, '1', 1, '2020-07-27 10:35:13'),
(3686, 2, 89, '1', 1, '2020-07-27 10:35:13'),
(3687, 2, 90, '1', 1, '2020-07-27 10:35:13'),
(3688, 2, 91, '1', 1, '2020-07-27 10:35:13'),
(3689, 2, 93, '1', 1, '2020-07-27 10:35:13'),
(3690, 2, 75, '1', 1, '2020-07-27 10:35:13'),
(3691, 2, 94, '1,2,3', 1, '2020-07-27 10:35:13'),
(3692, 2, 92, '1', 1, '2020-07-27 10:35:13'),
(3693, 2, 27, '1', 1, '2020-07-27 10:35:13'),
(3694, 2, 95, '1', 1, '2020-07-27 10:35:13'),
(3695, 2, 1, '1', 1, '2020-07-27 10:35:13'),
(3696, 2, 98, '1', 1, '2020-07-27 10:35:13'),
(3697, 2, 100, '1,2,3', 1, '2020-07-27 10:35:13'),
(3698, 2, 101, '1', 1, '2020-07-27 10:35:13'),
(3699, 2, 102, '1', 1, '2020-07-27 10:35:13'),
(3700, 2, 103, '1', 1, '2020-07-27 10:35:13'),
(3701, 2, 105, '1', 1, '2020-07-27 10:35:13'),
(3702, 2, 106, '1', 1, '2020-07-27 10:35:13'),
(3703, 2, 107, '1', 1, '2020-07-27 10:35:13'),
(3704, 2, 108, '1', 1, '2020-07-27 10:35:13'),
(3705, 2, 109, '1', 1, '2020-07-27 10:35:13'),
(3706, 2, 114, '1', 1, '2020-07-27 10:35:13'),
(3707, 2, 115, '1', 1, '2020-07-27 10:35:13'),
(3708, 2, 116, '1', 1, '2020-07-27 10:35:13'),
(3709, 2, 117, '1,2,3,4', 1, '2020-07-27 10:35:13'),
(3710, 2, 118, '1,2,3,4', 1, '2020-07-27 10:35:13'),
(3711, 2, 122, '1', 1, '2020-07-27 10:35:13'),
(3712, 2, 124, '1', 1, '2020-07-27 10:35:13'),
(3713, 2, 131, '1', 1, '2020-07-27 10:35:13'),
(3714, 2, 133, '1', 1, '2020-07-27 10:35:13'),
(3715, 2, 134, '1', 1, '2020-07-27 10:35:13'),
(3716, 2, 136, '1', 1, '2020-07-27 10:35:13'),
(3717, 2, 137, '1', 1, '2020-07-27 10:35:13'),
(3718, 2, 139, '1', 1, '2020-07-27 10:35:13'),
(3719, 2, 140, '1', 1, '2020-07-27 10:35:13'),
(3720, 2, 145, '1', 1, '2020-07-27 10:35:13'),
(3721, 2, 149, '1', 1, '2020-07-27 10:35:13'),
(3722, 2, 150, '1', 1, '2020-07-27 10:35:13'),
(3723, 2, 151, '1', 1, '2020-07-27 10:35:13'),
(3724, 2, 152, '1', 1, '2020-07-27 10:35:13'),
(3725, 2, 154, '1', 1, '2020-07-27 10:35:13'),
(3726, 2, 155, '1', 1, '2020-07-27 10:35:13'),
(3727, 2, 120, '1', 1, '2020-07-27 10:35:13'),
(3728, 2, 156, '1', 1, '2020-07-27 10:35:13'),
(3729, 2, 163, '1', 1, '2020-07-27 10:35:13'),
(3730, 2, 165, '1', 1, '2020-07-27 10:35:13'),
(3731, 3, 35, '1,2,3', 1, '2020-07-27 10:35:37'),
(3732, 3, 36, '1,2,3', 1, '2020-07-27 10:35:37'),
(3733, 3, 38, '1,2,3', 1, '2020-07-27 10:35:37'),
(3734, 3, 39, '1,2,3', 1, '2020-07-27 10:35:37'),
(3735, 3, 40, '1,2,3', 1, '2020-07-27 10:35:37'),
(3736, 3, 41, '1,2,3', 1, '2020-07-27 10:35:37'),
(3737, 3, 42, '1,2,3', 1, '2020-07-27 10:35:37'),
(3738, 3, 43, '1,2,3', 1, '2020-07-27 10:35:37'),
(3739, 3, 44, '1,2,3', 1, '2020-07-27 10:35:37'),
(3740, 3, 45, '1,2,3', 1, '2020-07-27 10:35:37'),
(3741, 3, 46, '1,2,3', 1, '2020-07-27 10:35:37'),
(3742, 3, 48, '1,2,3', 1, '2020-07-27 10:35:37'),
(3743, 3, 49, '1,2,3', 1, '2020-07-27 10:35:37'),
(3744, 3, 50, '1,2,3', 1, '2020-07-27 10:35:37'),
(3745, 3, 51, '1,2,3', 1, '2020-07-27 10:35:37'),
(3746, 3, 52, '1,2,3', 1, '2020-07-27 10:35:37'),
(3747, 3, 30, '1,2,3', 1, '2020-07-27 10:35:37'),
(3748, 3, 53, '1,2,3', 1, '2020-07-27 10:35:37'),
(3749, 3, 54, '1,2,3', 1, '2020-07-27 10:35:37'),
(3750, 3, 55, '1,2,3', 1, '2020-07-27 10:35:37'),
(3751, 3, 56, '1,2,3', 1, '2020-07-27 10:35:37'),
(3752, 3, 57, '1,2,3', 1, '2020-07-27 10:35:37'),
(3753, 3, 58, '1,2,3', 1, '2020-07-27 10:35:37'),
(3754, 3, 59, '1,2,3', 1, '2020-07-27 10:35:37'),
(3755, 3, 60, '1,2,3', 1, '2020-07-27 10:35:37'),
(3756, 3, 61, '1,2,3', 1, '2020-07-27 10:35:37'),
(3757, 3, 62, '1,2,3', 1, '2020-07-27 10:35:37'),
(3758, 3, 63, '1,2,3', 1, '2020-07-27 10:35:37'),
(3759, 3, 64, '1,2,3', 1, '2020-07-27 10:35:37'),
(3760, 3, 65, '1,2,3', 1, '2020-07-27 10:35:37'),
(3761, 3, 67, '1,2,3', 1, '2020-07-27 10:35:37'),
(3762, 3, 68, '1,2,3', 1, '2020-07-27 10:35:37'),
(3763, 3, 66, '1,2,3', 1, '2020-07-27 10:35:37'),
(3764, 3, 69, '1,2,3', 1, '2020-07-27 10:35:37'),
(3765, 3, 70, '1,2,3', 1, '2020-07-27 10:35:37'),
(3766, 3, 71, '1,2,3', 1, '2020-07-27 10:35:37'),
(3767, 3, 72, '1,2,3', 1, '2020-07-27 10:35:37'),
(3768, 3, 73, '1,2,3', 1, '2020-07-27 10:35:37'),
(3769, 3, 74, '1,2,3', 1, '2020-07-27 10:35:37'),
(3770, 3, 4, '1,2,3', 1, '2020-07-27 10:35:37'),
(3771, 3, 5, '1,2,3', 1, '2020-07-27 10:35:37'),
(3772, 3, 10, '1,2,3', 1, '2020-07-27 10:35:37'),
(3773, 3, 11, '1,2,3', 1, '2020-07-27 10:35:37'),
(3774, 3, 12, '1,2,3', 1, '2020-07-27 10:35:37'),
(3775, 3, 22, '1,2,3', 1, '2020-07-27 10:35:37'),
(3776, 3, 13, '1,2,3', 1, '2020-07-27 10:35:37'),
(3777, 3, 14, '1,2,3', 1, '2020-07-27 10:35:37'),
(3778, 3, 17, '1,2,3', 1, '2020-07-27 10:35:37'),
(3779, 3, 18, '1,2,3', 1, '2020-07-27 10:35:37'),
(3780, 3, 19, '1,2,3', 1, '2020-07-27 10:35:37'),
(3781, 3, 34, '1,2,3', 1, '2020-07-27 10:35:37'),
(3782, 3, 47, '1,2,3', 1, '2020-07-27 10:35:37'),
(3783, 3, 31, '1,2,3', 1, '2020-07-27 10:35:37'),
(3784, 3, 32, '1,2,3', 1, '2020-07-27 10:35:37'),
(3785, 3, 33, '1,2,3', 1, '2020-07-27 10:35:37'),
(3786, 3, 76, '1', 1, '2020-07-27 10:35:37'),
(3787, 3, 77, '1', 1, '2020-07-27 10:35:37'),
(3788, 3, 78, '1', 1, '2020-07-27 10:35:37'),
(3789, 3, 79, '1', 1, '2020-07-27 10:35:37'),
(3790, 3, 80, '1', 1, '2020-07-27 10:35:37'),
(3791, 3, 81, '1', 1, '2020-07-27 10:35:37'),
(3792, 3, 82, '1', 1, '2020-07-27 10:35:37'),
(3793, 3, 83, '1', 1, '2020-07-27 10:35:37'),
(3794, 3, 84, '1', 1, '2020-07-27 10:35:37'),
(3795, 3, 85, '1', 1, '2020-07-27 10:35:37'),
(3796, 3, 86, '1', 1, '2020-07-27 10:35:37'),
(3797, 3, 87, '1', 1, '2020-07-27 10:35:37'),
(3798, 3, 88, '1', 1, '2020-07-27 10:35:37'),
(3799, 3, 89, '1', 1, '2020-07-27 10:35:37'),
(3800, 3, 90, '1', 1, '2020-07-27 10:35:37'),
(3801, 3, 91, '1', 1, '2020-07-27 10:35:37'),
(3802, 3, 93, '1', 1, '2020-07-27 10:35:37'),
(3803, 3, 75, '1', 1, '2020-07-27 10:35:37'),
(3804, 3, 94, '1,2,3', 1, '2020-07-27 10:35:37'),
(3805, 3, 92, '1', 1, '2020-07-27 10:35:37'),
(3806, 3, 27, '1', 1, '2020-07-27 10:35:37'),
(3807, 3, 95, '1', 1, '2020-07-27 10:35:37'),
(3808, 3, 1, '1', 1, '2020-07-27 10:35:37'),
(3809, 3, 98, '1,2,3', 1, '2020-07-27 10:35:37'),
(3810, 3, 100, '1,2,3', 1, '2020-07-27 10:35:37'),
(3811, 3, 101, '1', 1, '2020-07-27 10:35:37'),
(3812, 3, 102, '1', 1, '2020-07-27 10:35:37'),
(3813, 3, 103, '1,2,3', 1, '2020-07-27 10:35:37'),
(3814, 3, 104, '1', 1, '2020-07-27 10:35:37'),
(3815, 3, 105, '1', 1, '2020-07-27 10:35:37'),
(3816, 3, 106, '1', 1, '2020-07-27 10:35:37'),
(3817, 3, 107, '1', 1, '2020-07-27 10:35:37'),
(3818, 3, 108, '1', 1, '2020-07-27 10:35:37'),
(3819, 3, 109, '1', 1, '2020-07-27 10:35:37'),
(3820, 3, 110, '1', 1, '2020-07-27 10:35:37'),
(3821, 3, 111, '1', 1, '2020-07-27 10:35:37'),
(3822, 3, 112, '1', 1, '2020-07-27 10:35:37'),
(3823, 3, 113, '1', 1, '2020-07-27 10:35:37'),
(3824, 3, 114, '1', 1, '2020-07-27 10:35:37'),
(3825, 3, 115, '1', 1, '2020-07-27 10:35:37'),
(3826, 3, 116, '1', 1, '2020-07-27 10:35:37'),
(3827, 3, 117, '1,2,3,4', 1, '2020-07-27 10:35:37'),
(3828, 3, 118, '1,2,3,4', 1, '2020-07-27 10:35:37'),
(3829, 3, 97, '1', 1, '2020-07-27 10:35:37'),
(3830, 3, 122, '1,2,3,4', 1, '2020-07-27 10:35:37'),
(3831, 3, 123, '1', 1, '2020-07-27 10:35:37'),
(3832, 3, 124, '1', 1, '2020-07-27 10:35:37'),
(3833, 3, 129, '1', 1, '2020-07-27 10:35:37'),
(3834, 3, 131, '1', 1, '2020-07-27 10:35:37'),
(3835, 3, 133, '1', 1, '2020-07-27 10:35:37'),
(3836, 3, 134, '1', 1, '2020-07-27 10:35:37'),
(3837, 3, 136, '1', 1, '2020-07-27 10:35:37'),
(3838, 3, 137, '1', 1, '2020-07-27 10:35:37'),
(3839, 3, 138, '1', 1, '2020-07-27 10:35:37'),
(3840, 3, 139, '1', 1, '2020-07-27 10:35:37'),
(3841, 3, 140, '1', 1, '2020-07-27 10:35:37'),
(3842, 3, 142, '1', 1, '2020-07-27 10:35:37'),
(3843, 3, 143, '1', 1, '2020-07-27 10:35:37'),
(3844, 3, 145, '1', 1, '2020-07-27 10:35:37'),
(3845, 3, 146, '1', 1, '2020-07-27 10:35:37'),
(3846, 3, 147, '1', 1, '2020-07-27 10:35:37'),
(3847, 3, 148, '1', 1, '2020-07-27 10:35:37'),
(3848, 3, 149, '1', 1, '2020-07-27 10:35:37'),
(3849, 3, 150, '1', 1, '2020-07-27 10:35:37'),
(3850, 3, 151, '1', 1, '2020-07-27 10:35:37'),
(3851, 3, 152, '1', 1, '2020-07-27 10:35:37'),
(3852, 3, 153, '1', 1, '2020-07-27 10:35:37'),
(3853, 3, 126, '1', 1, '2020-07-27 10:35:37'),
(3854, 3, 127, '1', 1, '2020-07-27 10:35:37'),
(3855, 3, 128, '1', 1, '2020-07-27 10:35:37'),
(3856, 3, 154, '1', 1, '2020-07-27 10:35:37'),
(3857, 3, 155, '1', 1, '2020-07-27 10:35:37'),
(3858, 3, 120, '1', 1, '2020-07-27 10:35:37'),
(3859, 3, 156, '1', 1, '2020-07-27 10:35:37'),
(3860, 3, 130, '1', 1, '2020-07-27 10:35:37'),
(3861, 3, 158, '1', 1, '2020-07-27 10:35:37'),
(3862, 3, 159, '1', 1, '2020-07-27 10:35:37'),
(3863, 3, 161, '1', 1, '2020-07-27 10:35:37'),
(3864, 3, 160, '1', 1, '2020-07-27 10:35:37'),
(3865, 3, 162, '1', 1, '2020-07-27 10:35:37'),
(3866, 3, 163, '1', 1, '2020-07-27 10:35:37'),
(3867, 3, 164, '1', 1, '2020-07-27 10:35:37'),
(3868, 3, 165, '1', 1, '2020-07-27 10:35:37'),
(3869, 1, 166, '1', 1, '2020-08-24 04:17:48'),
(3870, 25, 157, '1', 1, '2020-08-24 04:20:22'),
(3871, 25, 38, '1', 1, '2020-09-03 09:05:59'),
(3872, 25, 129, '1', 1, '2020-09-03 09:06:17'),
(3873, 25, 124, '1', 1, '2020-09-03 09:06:42'),
(3874, 25, 141, '1', 1, '2020-09-03 09:07:03'),
(3875, 25, 138, '1', 1, '2020-09-03 09:07:19'),
(3876, 25, 161, '1', 1, '2020-09-03 09:07:35'),
(3877, 25, 147, '1', 1, '2020-09-03 09:11:53'),
(3878, 25, 148, '1', 1, '2020-09-03 09:12:07'),
(3879, 25, 159, '1', 1, '2020-09-03 09:12:22'),
(3880, 25, 146, '1', 1, '2020-09-03 09:12:37'),
(3881, 25, 163, '1', 1, '2020-09-03 09:12:52'),
(3882, 25, 67, '1', 1, '2020-09-03 09:13:18'),
(3883, 25, 73, '1', 1, '2020-09-03 09:13:31'),
(3884, 25, 97, '1', 1, '2020-09-03 09:13:47'),
(3885, 25, 164, '1', 1, '2020-09-03 09:14:08'),
(3886, 17, 46, '1', 1, '2020-09-09 04:25:55'),
(3887, 1, 167, '1', 1, '2020-09-09 11:11:18'),
(3888, 21, 154, '1', 1, '2020-09-13 10:37:09'),
(3889, 1, 168, '1', 1, '2020-09-15 06:12:10'),
(3890, 21, 168, '1', 1, '2020-09-15 06:12:10'),
(3891, 26, 30, '1', 1, '2020-09-15 06:47:56'),
(3892, 26, 66, '1', 1, '2020-09-15 06:48:18'),
(3893, 26, 67, '1', 1, '2020-09-15 06:48:43'),
(3894, 26, 73, '1', 1, '2020-09-15 06:49:13'),
(3895, 26, 43, '1', 1, '2020-09-15 06:50:04'),
(3896, 26, 1, '1', 1, '2020-09-16 10:36:56'),
(3897, 26, 4, '1', 1, '2020-09-16 10:37:11'),
(3898, 26, 5, '1', 1, '2020-09-16 10:37:27'),
(3899, 26, 10, '1', 1, '2020-09-16 10:37:38'),
(3900, 26, 11, '1', 1, '2020-09-16 10:37:47'),
(3901, 26, 12, '1', 1, '2020-09-16 10:37:59'),
(3902, 26, 13, '1', 1, '2020-09-16 10:38:07'),
(3903, 26, 14, '1', 1, '2020-09-16 10:38:20'),
(3904, 26, 15, '1', 1, '2020-09-16 10:38:33'),
(3905, 26, 16, '1', 1, '2020-09-16 10:38:45'),
(3906, 26, 17, '1', 1, '2020-09-16 10:38:57'),
(3907, 26, 18, '1', 1, '2020-09-16 10:39:05'),
(3908, 26, 19, '1', 1, '2020-09-16 10:39:14'),
(3909, 26, 20, '1', 1, '2020-09-16 10:39:22'),
(3910, 26, 22, '1', 1, '2020-09-16 10:39:30'),
(3911, 26, 31, '1', 1, '2020-09-16 10:39:47'),
(3912, 26, 34, '1', 1, '2020-09-16 10:40:07'),
(3913, 26, 35, '1', 1, '2020-09-16 10:40:17'),
(3914, 26, 38, '1', 1, '2020-09-16 10:40:32'),
(3915, 26, 39, '1', 1, '2020-09-16 10:41:01'),
(3916, 26, 40, '1', 1, '2020-09-16 10:41:11'),
(3917, 26, 44, '1', 1, '2020-09-16 10:41:31'),
(3918, 26, 45, '1', 1, '2020-09-16 10:41:39'),
(3919, 26, 46, '1', 1, '2020-09-16 10:41:48'),
(3920, 26, 47, '1', 1, '2020-09-16 10:42:00'),
(3921, 26, 53, '1', 1, '2020-09-16 10:42:14'),
(3922, 26, 60, '1', 1, '2020-09-16 10:43:42'),
(3923, 26, 62, '1', 1, '2020-09-16 10:44:13'),
(3924, 26, 63, '1', 1, '2020-09-16 10:44:26'),
(3925, 26, 68, '1', 1, '2020-09-16 10:44:50'),
(3926, 26, 69, '1', 1, '2020-09-16 10:44:59'),
(3927, 26, 70, '1', 1, '2020-09-16 10:45:08'),
(3928, 26, 71, '1', 1, '2020-09-16 10:45:20'),
(3929, 26, 72, '1', 1, '2020-09-16 10:45:55'),
(3930, 26, 74, '1', 1, '2020-09-16 10:46:07'),
(3931, 26, 75, '1', 1, '2020-09-16 10:46:15'),
(3932, 26, 76, '1', 1, '2020-09-16 10:46:22'),
(3933, 26, 77, '1', 1, '2020-09-16 10:46:26'),
(3934, 26, 78, '1', 1, '2020-09-16 10:46:34'),
(3935, 26, 79, '1', 1, '2020-09-16 10:46:39'),
(3936, 26, 80, '1', 1, '2020-09-16 10:46:45'),
(3937, 26, 81, '1', 1, '2020-09-16 10:46:49'),
(3938, 26, 82, '1', 1, '2020-09-16 10:47:21'),
(3939, 26, 83, '1', 1, '2020-09-16 10:47:25'),
(3940, 26, 84, '1', 1, '2020-09-16 10:47:31'),
(3941, 26, 85, '1', 1, '2020-09-16 10:47:35'),
(3942, 26, 86, '1', 1, '2020-09-16 10:47:42'),
(3943, 26, 87, '1', 1, '2020-09-16 10:47:46'),
(3944, 26, 88, '1', 1, '2020-09-16 10:47:51'),
(3945, 26, 89, '1', 1, '2020-09-16 10:47:58'),
(3946, 26, 90, '1', 1, '2020-09-16 10:48:07'),
(3947, 26, 91, '1', 1, '2020-09-16 10:48:15'),
(3948, 26, 92, '1', 1, '2020-09-16 10:48:43'),
(3949, 26, 93, '1', 1, '2020-09-16 10:48:49'),
(3950, 26, 94, '1', 1, '2020-09-16 10:48:54'),
(3951, 26, 95, '1', 1, '2020-09-16 10:49:00'),
(3952, 26, 97, '1', 1, '2020-09-16 10:49:04'),
(3953, 26, 98, '1', 1, '2020-09-16 10:49:08'),
(3954, 1, 99, '1', 1, '2020-09-16 10:49:13'),
(3955, 2, 99, '1', 1, '2020-09-16 10:49:13'),
(3956, 3, 99, '1', 1, '2020-09-16 10:49:13'),
(3957, 5, 99, '1', 1, '2020-09-16 10:49:13'),
(3958, 7, 99, '1', 1, '2020-09-16 10:49:13'),
(3959, 26, 99, '1', 1, '2020-09-16 10:49:13'),
(3960, 26, 100, '1', 1, '2020-09-16 10:49:18'),
(3961, 26, 101, '1', 1, '2020-09-16 10:49:24'),
(3962, 26, 102, '1', 1, '2020-09-16 10:50:02'),
(3963, 26, 103, '1', 1, '2020-09-16 10:50:07'),
(3964, 26, 104, '1', 1, '2020-09-16 10:50:11'),
(3965, 26, 105, '1', 1, '2020-09-16 10:50:17'),
(3966, 26, 106, '1', 1, '2020-09-16 10:50:26'),
(3967, 26, 107, '1', 1, '2020-09-16 10:50:36'),
(3968, 26, 108, '1', 1, '2020-09-16 10:51:13'),
(3969, 26, 109, '1', 1, '2020-09-16 10:51:31'),
(3970, 26, 110, '1', 1, '2020-09-16 10:51:35'),
(3971, 26, 111, '1', 1, '2020-09-16 10:51:39'),
(3972, 26, 112, '1', 1, '2020-09-16 10:52:08'),
(3973, 26, 113, '1', 1, '2020-09-16 10:52:16'),
(3974, 26, 114, '1', 1, '2020-09-16 10:52:21'),
(3975, 26, 115, '1', 1, '2020-09-16 10:52:33'),
(3976, 26, 116, '1', 1, '2020-09-16 10:52:41'),
(3977, 26, 118, '1', 1, '2020-09-16 10:52:46'),
(3978, 26, 120, '1', 1, '2020-09-16 10:52:52'),
(3979, 26, 121, '1', 1, '2020-09-16 10:53:00'),
(3980, 26, 122, '1', 1, '2020-09-16 10:53:30'),
(3981, 26, 123, '1', 1, '2020-09-16 10:53:35'),
(3982, 26, 124, '1', 1, '2020-09-16 10:53:41'),
(3983, 26, 125, '1', 1, '2020-09-16 10:53:47'),
(3984, 26, 128, '1', 1, '2020-09-16 10:53:52'),
(3985, 26, 129, '1', 1, '2020-09-16 10:53:57'),
(3986, 26, 130, '1', 1, '2020-09-16 10:54:06'),
(3987, 26, 131, '1', 1, '2020-09-16 10:54:11'),
(3988, 26, 133, '1', 1, '2020-09-16 10:54:47'),
(3989, 26, 134, '1', 1, '2020-09-16 10:54:52'),
(3990, 26, 135, '1', 1, '2020-09-16 10:54:57'),
(3991, 26, 136, '1', 1, '2020-09-16 10:55:03'),
(3992, 26, 137, '1', 1, '2020-09-16 10:55:08'),
(3993, 26, 138, '1', 1, '2020-09-16 10:55:13'),
(3994, 26, 139, '1', 1, '2020-09-16 10:55:25'),
(3995, 26, 140, '1', 1, '2020-09-16 10:55:29'),
(3996, 26, 141, '1', 1, '2020-09-16 10:55:36'),
(3997, 26, 143, '1', 1, '2020-09-16 10:56:11'),
(3998, 26, 144, '1', 1, '2020-09-16 10:56:18'),
(3999, 26, 145, '1', 1, '2020-09-16 10:56:22'),
(4000, 26, 146, '1', 1, '2020-09-16 10:56:27'),
(4001, 26, 147, '1', 1, '2020-09-16 10:56:32'),
(4002, 26, 148, '1', 1, '2020-09-16 10:56:37'),
(4003, 26, 149, '1', 1, '2020-09-16 10:56:42'),
(4004, 26, 150, '1', 1, '2020-09-16 10:56:48'),
(4005, 26, 151, '1', 1, '2020-09-16 10:56:57'),
(4006, 26, 152, '1', 1, '2020-09-16 10:57:22'),
(4007, 26, 153, '1', 1, '2020-09-16 10:57:29'),
(4008, 26, 154, '1', 1, '2020-09-16 10:57:34'),
(4009, 26, 155, '1', 1, '2020-09-16 10:57:39'),
(4010, 26, 156, '1', 1, '2020-09-16 10:57:44'),
(4011, 26, 158, '1', 1, '2020-09-16 10:57:58'),
(4012, 26, 159, '1', 1, '2020-09-16 10:58:04'),
(4013, 26, 160, '1', 1, '2020-09-16 10:58:10'),
(4014, 26, 161, '1', 1, '2020-09-16 10:58:16'),
(4015, 26, 162, '1', 1, '2020-09-16 10:58:39'),
(4016, 26, 163, '1', 1, '2020-09-16 10:58:43'),
(4017, 26, 164, '1', 1, '2020-09-16 10:58:52'),
(4018, 26, 165, '1', 1, '2020-09-16 10:58:56'),
(4019, 26, 167, '1', 1, '2020-09-16 10:59:00'),
(4020, 26, 168, '1', 1, '2020-09-16 10:59:06'),
(4021, 26, 157, '1', 1, '2020-09-17 09:47:10'),
(4022, 27, 167, '1', 1, '2020-09-20 04:48:01'),
(4023, 1, 169, '1', 1, '2020-09-20 07:08:57'),
(4024, 26, 169, '1', 1, '2020-09-20 07:08:57'),
(4025, 27, 169, '1', 1, '2020-09-20 07:08:57'),
(4026, 1, 170, '1', 1, '2020-09-24 06:51:51'),
(4027, 3, 170, '1', 1, '2020-09-24 06:51:51'),
(4028, 1, 171, '1', 1, '2020-09-27 06:31:08'),
(4029, 1, 172, '1', 1, '2020-09-27 10:02:31');

-- --------------------------------------------------------

--
-- Table structure for table `tbl_zone`
--

CREATE TABLE `tbl_zone` (
  `id` int(11) NOT NULL,
  `zone_code` tinyint(4) NOT NULL,
  `zone_name` varchar(30) NOT NULL,
  `zone_name_bn` varchar(100) NOT NULL,
  `status` tinyint(1) NOT NULL DEFAULT 1,
  `created_at` datetime NOT NULL DEFAULT current_timestamp(),
  `created_by` smallint(6) DEFAULT NULL,
  `updated_at` datetime DEFAULT NULL,
  `updated_by` smallint(6) DEFAULT NULL,
  `org_code` int(11) NOT NULL DEFAULT 181
) ENGINE=InnoDB DEFAULT CHARSET=utf8;

--
-- Dumping data for table `tbl_zone`
--

INSERT INTO `tbl_zone` (`id`, `zone_code`, `zone_name`, `zone_name_bn`, `status`, `created_at`, `created_by`, `updated_at`, `updated_by`, `org_code`) VALUES
(1, 1, 'B-Baria', 'বি-বাড়ীয়া জোন', 1, '2019-01-08 16:25:02', NULL, NULL, NULL, 181),
(2, 2, 'Cumilla', 'কুমিল্লা জোন', 1, '2019-01-08 16:25:02', NULL, NULL, NULL, 181),
(3, 3, 'Chandpur', 'চাঁদপুর জোন', 1, '2019-01-08 16:25:02', NULL, NULL, NULL, 181),
(4, 4, 'Chattogram', 'চট্টগ্রাম জোন', 1, '2019-01-08 16:25:02', NULL, NULL, NULL, 181),
(5, 5, 'Dhaka', 'ঢাকা জোন', 1, '2019-01-08 16:25:02', NULL, NULL, NULL, 181),
(6, 6, 'Pabna', 'পাবনা জোন', 1, '2019-01-08 16:25:02', NULL, NULL, NULL, 181),
(7, 7, 'Rajshahi', 'রাজশাহী জোন', 1, '2019-01-08 16:25:02', NULL, NULL, NULL, 181),
(8, 8, 'Gazipur', 'গাজীপুর জোন', 1, '2019-01-08 16:25:02', NULL, NULL, NULL, 181),
(9, 9, 'Sonargaon', 'সোনারগাঁ জোন', 1, '2019-12-31 09:36:42', NULL, NULL, NULL, 181);

--
-- Indexes for dumped tables
--

--
-- Indexes for table `tbl_admin`
--
ALTER TABLE `tbl_admin`
  ADD PRIMARY KEY (`admin_id`);

--
-- Indexes for table `tbl_admin_user_role`
--
ALTER TABLE `tbl_admin_user_role`
  ADD PRIMARY KEY (`id`);

--
-- Indexes for table `tbl_area`
--
ALTER TABLE `tbl_area`
  ADD PRIMARY KEY (`id`);

--
-- Indexes for table `tbl_branch`
--
ALTER TABLE `tbl_branch`
  ADD PRIMARY KEY (`br_id`);

--
-- Indexes for table `tbl_navbar`
--
ALTER TABLE `tbl_navbar`
  ADD PRIMARY KEY (`nav_id`);

--
-- Indexes for table `tbl_navbar_group`
--
ALTER TABLE `tbl_navbar_group`
  ADD PRIMARY KEY (`nav_group_id`);

--
-- Indexes for table `tbl_ogranization`
--
ALTER TABLE `tbl_ogranization`
  ADD PRIMARY KEY (`org_id`);

--
-- Indexes for table `tbl_user`
--
ALTER TABLE `tbl_user`
  ADD PRIMARY KEY (`id`);

--
-- Indexes for table `tbl_user_permissions`
--
ALTER TABLE `tbl_user_permissions`
  ADD PRIMARY KEY (`id`);

--
-- Indexes for table `tbl_zone`
--
ALTER TABLE `tbl_zone`
  ADD PRIMARY KEY (`id`);

--
-- AUTO_INCREMENT for dumped tables
--

--
-- AUTO_INCREMENT for table `tbl_admin`
--
ALTER TABLE `tbl_admin`
  MODIFY `admin_id` int(10) UNSIGNED NOT NULL AUTO_INCREMENT, AUTO_INCREMENT=303;

--
-- AUTO_INCREMENT for table `tbl_admin_user_role`
--
ALTER TABLE `tbl_admin_user_role`
  MODIFY `id` int(11) NOT NULL AUTO_INCREMENT, AUTO_INCREMENT=28;

--
-- AUTO_INCREMENT for table `tbl_area`
--
ALTER TABLE `tbl_area`
  MODIFY `id` int(11) NOT NULL AUTO_INCREMENT, AUTO_INCREMENT=102;

--
-- AUTO_INCREMENT for table `tbl_branch`
--
ALTER TABLE `tbl_branch`
  MODIFY `br_id` int(11) NOT NULL AUTO_INCREMENT, AUTO_INCREMENT=181;

--
-- AUTO_INCREMENT for table `tbl_navbar`
--
ALTER TABLE `tbl_navbar`
  MODIFY `nav_id` int(11) NOT NULL AUTO_INCREMENT, AUTO_INCREMENT=173;

--
-- AUTO_INCREMENT for table `tbl_navbar_group`
--
ALTER TABLE `tbl_navbar_group`
  MODIFY `nav_group_id` int(11) NOT NULL AUTO_INCREMENT, AUTO_INCREMENT=27;

--
-- AUTO_INCREMENT for table `tbl_user`
--
ALTER TABLE `tbl_user`
  MODIFY `id` int(11) UNSIGNED NOT NULL AUTO_INCREMENT, AUTO_INCREMENT=165;

--
-- AUTO_INCREMENT for table `tbl_user_permissions`
--
ALTER TABLE `tbl_user_permissions`
  MODIFY `id` int(11) NOT NULL AUTO_INCREMENT, AUTO_INCREMENT=4030;

--
-- AUTO_INCREMENT for table `tbl_zone`
--
ALTER TABLE `tbl_zone`
  MODIFY `id` int(11) NOT NULL AUTO_INCREMENT, AUTO_INCREMENT=10;
COMMIT;

/*!40101 SET CHARACTER_SET_CLIENT=@OLD_CHARACTER_SET_CLIENT */;
/*!40101 SET CHARACTER_SET_RESULTS=@OLD_CHARACTER_SET_RESULTS */;
/*!40101 SET COLLATION_CONNECTION=@OLD_COLLATION_CONNECTION */;
